PolicyNumber,Insured,Past Claims,Risk Score,Risk Proximity Zone,Property Premium 
10001,Person 1,0,100,10,1500
10002,Person 2,1,200,10,4000
10003,Person 3,2,400,20,6000
10004,Person 4,3,300,10,5000
10005,Person 5,4,600,30,8000
10006,Person 6,5,800,40,12000
10007,Person 7,0,100,10,1500
10008,Person 8,1,200,10,4000
10009,Person 9,2,400,20,6000
10010,Person 10,3,300,10,5000
10011,Person 11,4,600,30,8000
10012,Person 12,5,800,40,12000
10013,Person 13,0,100,10,1500
10014,Person 14,1,200,10,4000
10015,Person 15,2,400,20,6000
10016,Person 16,3,300,10,5000
10017,Person 17,4,600,30,8000
10018,Person 18,5,800,40,12000
10019,Person 19,3.529411765,535.2941176,25.88235294,7950.980392
10020,Person 20,3.637770898,549.5356037,26.50154799,8147.574819
10021,Person 21,3.746130031,563.7770898,27.12074303,8344.169247
10022,Person 22,3.854489164,578.0185759,27.73993808,8540.763674
10023,Person 23,3.962848297,592.2600619,28.35913313,8737.358101
10024,Person 24,4.07120743,606.501548,28.97832817,8933.952528
10025,Person 25,4.179566563,620.7430341,29.59752322,9130.546956
10026,Person 26,4.287925697,634.9845201,30.21671827,9327.141383
10027,Person 27,4.39628483,649.2260062,30.83591331,9523.73581
10028,Person 28,4.504643963,663.4674923,31.45510836,9720.330237
10029,Person 29,4.613003096,677.7089783,32.07430341,9916.924665
10030,Person 30,4.721362229,691.9504644,32.69349845,10113.51909
10031,Person 31,4.829721362,706.1919505,33.3126935,10310.11352
10032,Person 32,4.938080495,720.4334365,33.93188854,10506.70795
10033,Person 33,5.046439628,734.6749226,34.55108359,10703.30237
10034,Person 34,5.154798762,748.9164087,35.17027864,10899.8968
10035,Person 35,5.263157895,763.1578947,35.78947368,11096.49123
10036,Person 36,5.371517028,777.3993808,36.40866873,11293.08566
10037,Person 37,5.479876161,791.6408669,37.02786378,11489.68008
10038,Person 38,5.588235294,805.8823529,37.64705882,11686.27451
10039,Person 39,5.696594427,820.123839,38.26625387,11882.86894
10040,Person 40,5.80495356,834.3653251,38.88544892,12079.46336
10041,Person 41,5.913312693,848.6068111,39.50464396,12276.05779
10042,Person 42,6.021671827,862.8482972,40.12383901,12472.65222
10043,Person 43,6.13003096,877.0897833,40.74303406,12669.24665
10044,Person 44,6.238390093,891.3312693,41.3622291,12865.84107
10045,Person 45,6.346749226,905.5727554,41.98142415,13062.4355
10046,Person 46,6.455108359,919.8142415,42.6006192,13259.02993
10047,Person 47,6.563467492,934.0557276,43.21981424,13455.62436
10048,Person 48,6.671826625,948.2972136,43.83900929,13652.21878
10049,Person 49,6.780185759,962.5386997,44.45820433,13848.81321
10050,Person 50,6.888544892,976.7801858,45.07739938,14045.40764
10051,Person 51,6.996904025,991.0216718,45.69659443,14242.00206
10052,Person 52,7.105263158,1005.263158,46.31578947,14438.59649
10053,Person 53,7.213622291,1019.504644,46.93498452,14635.19092
10054,Person 54,7.321981424,1033.74613,47.55417957,14831.78535
10055,Person 55,7.430340557,1047.987616,48.17337461,15028.37977
10056,Person 56,7.53869969,1062.229102,48.79256966,15224.9742
10057,Person 57,7.647058824,1076.470588,49.41176471,15421.56863
10058,Person 58,7.755417957,1090.712074,50.03095975,15618.16305
10059,Person 59,7.86377709,1104.95356,50.6501548,15814.75748
10060,Person 60,7.972136223,1119.195046,51.26934985,16011.35191
10061,Person 61,8.080495356,1133.436533,51.88854489,16207.94634
10062,Person 62,8.188854489,1147.678019,52.50773994,16404.54076
10063,Person 63,8.297213622,1161.919505,53.12693498,16601.13519
10064,Person 64,8.405572755,1176.160991,53.74613003,16797.72962
10065,Person 65,8.513931889,1190.402477,54.36532508,16994.32405
10066,Person 66,8.622291022,1204.643963,54.98452012,17190.91847
10067,Person 67,8.730650155,1218.885449,55.60371517,17387.5129
10068,Person 68,8.839009288,1233.126935,56.22291022,17584.10733
10069,Person 69,8.947368421,1247.368421,56.84210526,17780.70175
10070,Person 70,9.055727554,1261.609907,57.46130031,17977.29618
10071,Person 71,9.164086687,1275.851393,58.08049536,18173.89061
10072,Person 72,9.27244582,1290.092879,58.6996904,18370.48504
10073,Person 73,9.380804954,1304.334365,59.31888545,18567.07946
10074,Person 74,9.489164087,1318.575851,59.9380805,18763.67389
10075,Person 75,9.59752322,1332.817337,60.55727554,18960.26832
10076,Person 76,9.705882353,1347.058824,61.17647059,19156.86275
10077,Person 77,9.814241486,1361.30031,61.79566563,19353.45717
10078,Person 78,9.922600619,1375.541796,62.41486068,19550.0516
10079,Person 79,10.03095975,1389.783282,63.03405573,19746.64603
10080,Person 80,10.13931889,1404.024768,63.65325077,19943.24045
10081,Person 81,10.24767802,1418.266254,64.27244582,20139.83488
10082,Person 82,10.35603715,1432.50774,64.89164087,20336.42931
10083,Person 83,10.46439628,1446.749226,65.51083591,20533.02374
10084,Person 84,10.57275542,1460.990712,66.13003096,20729.61816
10085,Person 85,10.68111455,1475.232198,66.74922601,20926.21259
10086,Person 86,10.78947368,1489.473684,67.36842105,21122.80702
10087,Person 87,10.89783282,1503.71517,67.9876161,21319.40144
10088,Person 88,11.00619195,1517.956656,68.60681115,21515.99587
10089,Person 89,11.11455108,1532.198142,69.22600619,21712.5903
10090,Person 90,11.22291022,1546.439628,69.84520124,21909.18473
10091,Person 91,11.33126935,1560.681115,70.46439628,22105.77915
10092,Person 92,11.43962848,1574.922601,71.08359133,22302.37358
10093,Person 93,11.54798762,1589.164087,71.70278638,22498.96801
10094,Person 94,11.65634675,1603.405573,72.32198142,22695.56244
10095,Person 95,11.76470588,1617.647059,72.94117647,22892.15686
10096,Person 96,11.87306502,1631.888545,73.56037152,23088.75129
10097,Person 97,11.98142415,1646.130031,74.17956656,23285.34572
10098,Person 98,12.08978328,1660.371517,74.79876161,23481.94014
10099,Person 99,12.19814241,1674.613003,75.41795666,23678.53457
10100,Person 100,12.30650155,1688.854489,76.0371517,23875.129
10101,Person 101,12.41486068,1703.095975,76.65634675,24071.72343
10102,Person 102,12.52321981,1717.337461,77.2755418,24268.31785
10103,Person 103,12.63157895,1731.578947,77.89473684,24464.91228
10104,Person 104,12.73993808,1745.820433,78.51393189,24661.50671
10105,Person 105,12.84829721,1760.06192,79.13312693,24858.10114
10106,Person 106,12.95665635,1774.303406,79.75232198,25054.69556
10107,Person 107,13.06501548,1788.544892,80.37151703,25251.28999
10108,Person 108,13.17337461,1802.786378,80.99071207,25447.88442
10109,Person 109,13.28173375,1817.027864,81.60990712,25644.47884
10110,Person 110,13.39009288,1831.26935,82.22910217,25841.07327
10111,Person 111,13.49845201,1845.510836,82.84829721,26037.6677
10112,Person 112,13.60681115,1859.752322,83.46749226,26234.26213
10113,Person 113,13.71517028,1873.993808,84.08668731,26430.85655
10114,Person 114,13.82352941,1888.235294,84.70588235,26627.45098
10115,Person 115,13.93188854,1902.47678,85.3250774,26824.04541
10116,Person 116,14.04024768,1916.718266,85.94427245,27020.63983
10117,Person 117,14.14860681,1930.959752,86.56346749,27217.23426
10118,Person 118,14.25696594,1945.201238,87.18266254,27413.82869
10119,Person 119,14.36532508,1959.442724,87.80185759,27610.42312
10120,Person 120,14.47368421,1973.684211,88.42105263,27807.01754
10121,Person 121,14.58204334,1987.925697,89.04024768,28003.61197
10122,Person 122,14.69040248,2002.167183,89.65944272,28200.2064
10123,Person 123,14.79876161,2016.408669,90.27863777,28396.80083
10124,Person 124,14.90712074,2030.650155,90.89783282,28593.39525
10125,Person 125,15.01547988,2044.891641,91.51702786,28789.98968
10126,Person 126,15.12383901,2059.133127,92.13622291,28986.58411
10127,Person 127,15.23219814,2073.374613,92.75541796,29183.17853
10128,Person 128,15.34055728,2087.616099,93.374613,29379.77296
10129,Person 129,15.44891641,2101.857585,93.99380805,29576.36739
10130,Person 130,15.55727554,2116.099071,94.6130031,29772.96182
10131,Person 131,15.66563467,2130.340557,95.23219814,29969.55624
10132,Person 132,15.77399381,2144.582043,95.85139319,30166.15067
10133,Person 133,15.88235294,2158.823529,96.47058824,30362.7451
10134,Person 134,15.99071207,2173.065015,97.08978328,30559.33953
10135,Person 135,16.09907121,2187.306502,97.70897833,30755.93395
10136,Person 136,16.20743034,2201.547988,98.32817337,30952.52838
10137,Person 137,16.31578947,2215.789474,98.94736842,31149.12281
10138,Person 138,16.42414861,2230.03096,99.56656347,31345.71723
10139,Person 139,16.53250774,2244.272446,100.1857585,31542.31166
10140,Person 140,16.64086687,2258.513932,100.8049536,31738.90609
10141,Person 141,16.74922601,2272.755418,101.4241486,31935.50052
10142,Person 142,16.85758514,2286.996904,102.0433437,32132.09494
10143,Person 143,16.96594427,2301.23839,102.6625387,32328.68937
10144,Person 144,17.07430341,2315.479876,103.2817337,32525.2838
10145,Person 145,17.18266254,2329.721362,103.9009288,32721.87822
10146,Person 146,17.29102167,2343.962848,104.5201238,32918.47265
10147,Person 147,17.3993808,2358.204334,105.1393189,33115.06708
10148,Person 148,17.50773994,2372.44582,105.7585139,33311.66151
10149,Person 149,17.61609907,2386.687307,106.377709,33508.25593
10150,Person 150,17.7244582,2400.928793,106.996904,33704.85036
10151,Person 151,17.83281734,2415.170279,107.6160991,33901.44479
10152,Person 152,17.94117647,2429.411765,108.2352941,34098.03922
10153,Person 153,18.0495356,2443.653251,108.8544892,34294.63364
10154,Person 154,18.15789474,2457.894737,109.4736842,34491.22807
10155,Person 155,18.26625387,2472.136223,110.0928793,34687.8225
10156,Person 156,18.374613,2486.377709,110.7120743,34884.41692
10157,Person 157,18.48297214,2500.619195,111.3312693,35081.01135
10158,Person 158,18.59133127,2514.860681,111.9504644,35277.60578
10159,Person 159,18.6996904,2529.102167,112.5696594,35474.20021
10160,Person 160,18.80804954,2543.343653,113.1888545,35670.79463
10161,Person 161,18.91640867,2557.585139,113.8080495,35867.38906
10162,Person 162,19.0247678,2571.826625,114.4272446,36063.98349
10163,Person 163,19.13312693,2586.068111,115.0464396,36260.57792
10164,Person 164,19.24148607,2600.309598,115.6656347,36457.17234
10165,Person 165,19.3498452,2614.551084,116.2848297,36653.76677
10166,Person 166,19.45820433,2628.79257,116.9040248,36850.3612
10167,Person 167,19.56656347,2643.034056,117.5232198,37046.95562
10168,Person 168,19.6749226,2657.275542,118.1424149,37243.55005
10169,Person 169,19.78328173,2671.517028,118.7616099,37440.14448
10170,Person 170,19.89164087,2685.758514,119.380805,37636.73891
10171,Person 171,20,2700,120,37833.33333
10172,Person 172,20.10835913,2714.241486,120.619195,38029.92776
10173,Person 173,20.21671827,2728.482972,121.2383901,38226.52219
10174,Person 174,20.3250774,2742.724458,121.8575851,38423.11662
10175,Person 175,20.43343653,2756.965944,122.4767802,38619.71104
10176,Person 176,20.54179567,2771.20743,123.0959752,38816.30547
10177,Person 177,20.6501548,2785.448916,123.7151703,39012.8999
10178,Person 178,20.75851393,2799.690402,124.3343653,39209.49432
10179,Person 179,20.86687307,2813.931889,124.9535604,39406.08875
10180,Person 180,20.9752322,2828.173375,125.5727554,39602.68318
10181,Person 181,21.08359133,2842.414861,126.1919505,39799.27761
10182,Person 182,21.19195046,2856.656347,126.8111455,39995.87203
10183,Person 183,21.3003096,2870.897833,127.4303406,40192.46646
10184,Person 184,21.40866873,2885.139319,128.0495356,40389.06089
10185,Person 185,21.51702786,2899.380805,128.6687307,40585.65531
10186,Person 186,21.625387,2913.622291,129.2879257,40782.24974
10187,Person 187,21.73374613,2927.863777,129.9071207,40978.84417
10188,Person 188,21.84210526,2942.105263,130.5263158,41175.4386
10189,Person 189,21.9504644,2956.346749,131.1455108,41372.03302
10190,Person 190,22.05882353,2970.588235,131.7647059,41568.62745
10191,Person 191,22.16718266,2984.829721,132.3839009,41765.22188
10192,Person 192,22.2755418,2999.071207,133.003096,41961.81631
10193,Person 193,22.38390093,3013.312693,133.622291,42158.41073
10194,Person 194,22.49226006,3027.55418,134.2414861,42355.00516
10195,Person 195,22.6006192,3041.795666,134.8606811,42551.59959
10196,Person 196,22.70897833,3056.037152,135.4798762,42748.19401
10197,Person 197,22.81733746,3070.278638,136.0990712,42944.78844
10198,Person 198,22.92569659,3084.520124,136.7182663,43141.38287
10199,Person 199,23.03405573,3098.76161,137.3374613,43337.9773
10200,Person 200,23.14241486,3113.003096,137.9566563,43534.57172
10201,Person 201,23.25077399,3127.244582,138.5758514,43731.16615
10202,Person 202,23.35913313,3141.486068,139.1950464,43927.76058
10203,Person 203,23.46749226,3155.727554,139.8142415,44124.35501
10204,Person 204,23.57585139,3169.96904,140.4334365,44320.94943
10205,Person 205,23.68421053,3184.210526,141.0526316,44517.54386
10206,Person 206,23.79256966,3198.452012,141.6718266,44714.13829
10207,Person 207,23.90092879,3212.693498,142.2910217,44910.73271
10208,Person 208,24.00928793,3226.934985,142.9102167,45107.32714
10209,Person 209,24.11764706,3241.176471,143.5294118,45303.92157
10210,Person 210,24.22600619,3255.417957,144.1486068,45500.516
10211,Person 211,24.33436533,3269.659443,144.7678019,45697.11042
10212,Person 212,24.44272446,3283.900929,145.3869969,45893.70485
10213,Person 213,24.55108359,3298.142415,146.006192,46090.29928
10214,Person 214,24.65944272,3312.383901,146.625387,46286.8937
10215,Person 215,24.76780186,3326.625387,147.244582,46483.48813
10216,Person 216,24.87616099,3340.866873,147.8637771,46680.08256
10217,Person 217,24.98452012,3355.108359,148.4829721,46876.67699
10218,Person 218,25.09287926,3369.349845,149.1021672,47073.27141
10219,Person 219,25.20123839,3383.591331,149.7213622,47269.86584
10220,Person 220,25.30959752,3397.832817,150.3405573,47466.46027
10221,Person 221,25.41795666,3412.074303,150.9597523,47663.0547
10222,Person 222,25.52631579,3426.315789,151.5789474,47859.64912
10223,Person 223,25.63467492,3440.557276,152.1981424,48056.24355
10224,Person 224,25.74303406,3454.798762,152.8173375,48252.83798
10225,Person 225,25.85139319,3469.040248,153.4365325,48449.4324
10226,Person 226,25.95975232,3483.281734,154.0557276,48646.02683
10227,Person 227,26.06811146,3497.52322,154.6749226,48842.62126
10228,Person 228,26.17647059,3511.764706,155.2941176,49039.21569
10229,Person 229,26.28482972,3526.006192,155.9133127,49235.81011
10230,Person 230,26.39318885,3540.247678,156.5325077,49432.40454
10231,Person 231,26.50154799,3554.489164,157.1517028,49628.99897
10232,Person 232,26.60990712,3568.73065,157.7708978,49825.5934
10233,Person 233,26.71826625,3582.972136,158.3900929,50022.18782
10234,Person 234,26.82662539,3597.213622,159.0092879,50218.78225
10235,Person 235,26.93498452,3611.455108,159.628483,50415.37668
10236,Person 236,27.04334365,3625.696594,160.247678,50611.9711
10237,Person 237,27.15170279,3639.93808,160.8668731,50808.56553
10238,Person 238,27.26006192,3654.179567,161.4860681,51005.15996
10239,Person 239,27.36842105,3668.421053,162.1052632,51201.75439
10240,Person 240,27.47678019,3682.662539,162.7244582,51398.34881
10241,Person 241,27.58513932,3696.904025,163.3436533,51594.94324
10242,Person 242,27.69349845,3711.145511,163.9628483,51791.53767
10243,Person 243,27.80185759,3725.386997,164.5820433,51988.13209
10244,Person 244,27.91021672,3739.628483,165.2012384,52184.72652
10245,Person 245,28.01857585,3753.869969,165.8204334,52381.32095
10246,Person 246,28.12693498,3768.111455,166.4396285,52577.91538
10247,Person 247,28.23529412,3782.352941,167.0588235,52774.5098
10248,Person 248,28.34365325,3796.594427,167.6780186,52971.10423
10249,Person 249,28.45201238,3810.835913,168.2972136,53167.69866
10250,Person 250,28.56037152,3825.077399,168.9164087,53364.29309
10251,Person 251,28.66873065,3839.318885,169.5356037,53560.88751
10252,Person 252,28.77708978,3853.560372,170.1547988,53757.48194
10253,Person 253,28.88544892,3867.801858,170.7739938,53954.07637
10254,Person 254,28.99380805,3882.043344,171.3931889,54150.67079
10255,Person 255,29.10216718,3896.28483,172.0123839,54347.26522
10256,Person 256,29.21052632,3910.526316,172.6315789,54543.85965
10257,Person 257,29.31888545,3924.767802,173.250774,54740.45408
10258,Person 258,29.42724458,3939.009288,173.869969,54937.0485
10259,Person 259,29.53560372,3953.250774,174.4891641,55133.64293
10260,Person 260,29.64396285,3967.49226,175.1083591,55330.23736
10261,Person 261,29.75232198,3981.733746,175.7275542,55526.83179
10262,Person 262,29.86068111,3995.975232,176.3467492,55723.42621
10263,Person 263,29.96904025,4010.216718,176.9659443,55920.02064
10264,Person 264,30.07739938,4024.458204,177.5851393,56116.61507
10265,Person 265,30.18575851,4038.69969,178.2043344,56313.20949
10266,Person 266,30.29411765,4052.941176,178.8235294,56509.80392
10267,Person 267,30.40247678,4067.182663,179.4427245,56706.39835
10268,Person 268,30.51083591,4081.424149,180.0619195,56902.99278
10269,Person 269,30.61919505,4095.665635,180.6811146,57099.5872
10270,Person 270,30.72755418,4109.907121,181.3003096,57296.18163
10271,Person 271,30.83591331,4124.148607,181.9195046,57492.77606
10272,Person 272,30.94427245,4138.390093,182.5386997,57689.37049
10273,Person 273,31.05263158,4152.631579,183.1578947,57885.96491
10274,Person 274,31.16099071,4166.873065,183.7770898,58082.55934
10275,Person 275,31.26934985,4181.114551,184.3962848,58279.15377
10276,Person 276,31.37770898,4195.356037,185.0154799,58475.74819
10277,Person 277,31.48606811,4209.597523,185.6346749,58672.34262
10278,Person 278,31.59442724,4223.839009,186.25387,58868.93705
10279,Person 279,31.70278638,4238.080495,186.873065,59065.53148
10280,Person 280,31.81114551,4252.321981,187.4922601,59262.1259
10281,Person 281,31.91950464,4266.563467,188.1114551,59458.72033
10282,Person 282,32.02786378,4280.804954,188.7306502,59655.31476
10283,Person 283,32.13622291,4295.04644,189.3498452,59851.90918
10284,Person 284,32.24458204,4309.287926,189.9690402,60048.50361
10285,Person 285,32.35294118,4323.529412,190.5882353,60245.09804
10286,Person 286,32.46130031,4337.770898,191.2074303,60441.69247
10287,Person 287,32.56965944,4352.012384,191.8266254,60638.28689
10288,Person 288,32.67801858,4366.25387,192.4458204,60834.88132
10289,Person 289,32.78637771,4380.495356,193.0650155,61031.47575
10290,Person 290,32.89473684,4394.736842,193.6842105,61228.07018
10291,Person 291,33.00309598,4408.978328,194.3034056,61424.6646
10292,Person 292,33.11145511,4423.219814,194.9226006,61621.25903
10293,Person 293,33.21981424,4437.4613,195.5417957,61817.85346
10294,Person 294,33.32817337,4451.702786,196.1609907,62014.44788
10295,Person 295,33.43653251,4465.944272,196.7801858,62211.04231
10296,Person 296,33.54489164,4480.185759,197.3993808,62407.63674
10297,Person 297,33.65325077,4494.427245,198.0185759,62604.23117
10298,Person 298,33.76160991,4508.668731,198.6377709,62800.82559
10299,Person 299,33.86996904,4522.910217,199.2569659,62997.42002
10300,Person 300,33.97832817,4537.151703,199.876161,63194.01445
10301,Person 301,34.08668731,4551.393189,200.495356,63390.60888
10302,Person 302,34.19504644,4565.634675,201.1145511,63587.2033
10303,Person 303,34.30340557,4579.876161,201.7337461,63783.79773
10304,Person 304,34.41176471,4594.117647,202.3529412,63980.39216
10305,Person 305,34.52012384,4608.359133,202.9721362,64176.98658
10306,Person 306,34.62848297,4622.600619,203.5913313,64373.58101
10307,Person 307,34.73684211,4636.842105,204.2105263,64570.17544
10308,Person 308,34.84520124,4651.083591,204.8297214,64766.76987
10309,Person 309,34.95356037,4665.325077,205.4489164,64963.36429
10310,Person 310,35.0619195,4679.566563,206.0681115,65159.95872
10311,Person 311,35.17027864,4693.80805,206.6873065,65356.55315
10312,Person 312,35.27863777,4708.049536,207.3065015,65553.14757
10313,Person 313,35.3869969,4722.291022,207.9256966,65749.742
10314,Person 314,35.49535604,4736.532508,208.5448916,65946.33643
10315,Person 315,35.60371517,4750.773994,209.1640867,66142.93086
10316,Person 316,35.7120743,4765.01548,209.7832817,66339.52528
10317,Person 317,35.82043344,4779.256966,210.4024768,66536.11971
10318,Person 318,35.92879257,4793.498452,211.0216718,66732.71414
10319,Person 319,36.0371517,4807.739938,211.6408669,66929.30857
10320,Person 320,36.14551084,4821.981424,212.2600619,67125.90299
10321,Person 321,36.25386997,4836.22291,212.879257,67322.49742
10322,Person 322,36.3622291,4850.464396,213.498452,67519.09185
10323,Person 323,36.47058824,4864.705882,214.1176471,67715.68627
10324,Person 324,36.57894737,4878.947368,214.7368421,67912.2807
10325,Person 325,36.6873065,4893.188854,215.3560372,68108.87513
10326,Person 326,36.79566563,4907.430341,215.9752322,68305.46956
10327,Person 327,36.90402477,4921.671827,216.5944272,68502.06398
10328,Person 328,37.0123839,4935.913313,217.2136223,68698.65841
10329,Person 329,37.12074303,4950.154799,217.8328173,68895.25284
10330,Person 330,37.22910217,4964.396285,218.4520124,69091.84727
10331,Person 331,37.3374613,4978.637771,219.0712074,69288.44169
10332,Person 332,37.44582043,4992.879257,219.6904025,69485.03612
10333,Person 333,37.55417957,5007.120743,220.3095975,69681.63055
10334,Person 334,37.6625387,5021.362229,220.9287926,69878.22497
10335,Person 335,37.77089783,5035.603715,221.5479876,70074.8194
10336,Person 336,37.87925697,5049.845201,222.1671827,70271.41383
10337,Person 337,37.9876161,5064.086687,222.7863777,70468.00826
10338,Person 338,38.09597523,5078.328173,223.4055728,70664.60268
10339,Person 339,38.20433437,5092.569659,224.0247678,70861.19711
10340,Person 340,38.3126935,5106.811146,224.6439628,71057.79154
10341,Person 341,38.42105263,5121.052632,225.2631579,71254.38596
10342,Person 342,38.52941176,5135.294118,225.8823529,71450.98039
10343,Person 343,38.6377709,5149.535604,226.501548,71647.57482
10344,Person 344,38.74613003,5163.77709,227.120743,71844.16925
10345,Person 345,38.85448916,5178.018576,227.7399381,72040.76367
10346,Person 346,38.9628483,5192.260062,228.3591331,72237.3581
10347,Person 347,39.07120743,5206.501548,228.9783282,72433.95253
10348,Person 348,39.17956656,5220.743034,229.5975232,72630.54696
10349,Person 349,39.2879257,5234.98452,230.2167183,72827.14138
10350,Person 350,39.39628483,5249.226006,230.8359133,73023.73581
10351,Person 351,39.50464396,5263.467492,231.4551084,73220.33024
10352,Person 352,39.6130031,5277.708978,232.0743034,73416.92466
10353,Person 353,39.72136223,5291.950464,232.6934985,73613.51909
10354,Person 354,39.82972136,5306.19195,233.3126935,73810.11352
10355,Person 355,39.9380805,5320.433437,233.9318885,74006.70795
10356,Person 356,40.04643963,5334.674923,234.5510836,74203.30237
10357,Person 357,40.15479876,5348.916409,235.1702786,74399.8968
10358,Person 358,40.26315789,5363.157895,235.7894737,74596.49123
10359,Person 359,40.37151703,5377.399381,236.4086687,74793.08566
10360,Person 360,40.47987616,5391.640867,237.0278638,74989.68008
10361,Person 361,40.58823529,5405.882353,237.6470588,75186.27451
10362,Person 362,40.69659443,5420.123839,238.2662539,75382.86894
10363,Person 363,40.80495356,5434.365325,238.8854489,75579.46336
10364,Person 364,40.91331269,5448.606811,239.504644,75776.05779
10365,Person 365,41.02167183,5462.848297,240.123839,75972.65222
10366,Person 366,41.13003096,5477.089783,240.7430341,76169.24665
10367,Person 367,41.23839009,5491.331269,241.3622291,76365.84107
10368,Person 368,41.34674923,5505.572755,241.9814241,76562.4355
10369,Person 369,41.45510836,5519.814241,242.6006192,76759.02993
10370,Person 370,41.56346749,5534.055728,243.2198142,76955.62436
10371,Person 371,41.67182663,5548.297214,243.8390093,77152.21878
10372,Person 372,41.78018576,5562.5387,244.4582043,77348.81321
10373,Person 373,41.88854489,5576.780186,245.0773994,77545.40764
10374,Person 374,41.99690402,5591.021672,245.6965944,77742.00206
10375,Person 375,42.10526316,5605.263158,246.3157895,77938.59649
10376,Person 376,42.21362229,5619.504644,246.9349845,78135.19092
10377,Person 377,42.32198142,5633.74613,247.5541796,78331.78535
10378,Person 378,42.43034056,5647.987616,248.1733746,78528.37977
10379,Person 379,42.53869969,5662.229102,248.7925697,78724.9742
10380,Person 380,42.64705882,5676.470588,249.4117647,78921.56863
10381,Person 381,42.75541796,5690.712074,250.0309598,79118.16305
10382,Person 382,42.86377709,5704.95356,250.6501548,79314.75748
10383,Person 383,42.97213622,5719.195046,251.2693498,79511.35191
10384,Person 384,43.08049536,5733.436533,251.8885449,79707.94634
10385,Person 385,43.18885449,5747.678019,252.5077399,79904.54076
10386,Person 386,43.29721362,5761.919505,253.126935,80101.13519
10387,Person 387,43.40557276,5776.160991,253.74613,80297.72962
10388,Person 388,43.51393189,5790.402477,254.3653251,80494.32405
10389,Person 389,43.62229102,5804.643963,254.9845201,80690.91847
10390,Person 390,43.73065015,5818.885449,255.6037152,80887.5129
10391,Person 391,43.83900929,5833.126935,256.2229102,81084.10733
10392,Person 392,43.94736842,5847.368421,256.8421053,81280.70175
10393,Person 393,44.05572755,5861.609907,257.4613003,81477.29618
10394,Person 394,44.16408669,5875.851393,258.0804954,81673.89061
10395,Person 395,44.27244582,5890.092879,258.6996904,81870.48504
10396,Person 396,44.38080495,5904.334365,259.3188854,82067.07946
10397,Person 397,44.48916409,5918.575851,259.9380805,82263.67389
10398,Person 398,44.59752322,5932.817337,260.5572755,82460.26832
10399,Person 399,44.70588235,5947.058824,261.1764706,82656.86275
10400,Person 400,44.81424149,5961.30031,261.7956656,82853.45717
10401,Person 401,44.92260062,5975.541796,262.4148607,83050.0516
10402,Person 402,45.03095975,5989.783282,263.0340557,83246.64603
10403,Person 403,45.13931889,6004.024768,263.6532508,83443.24045
10404,Person 404,45.24767802,6018.266254,264.2724458,83639.83488
10405,Person 405,45.35603715,6032.50774,264.8916409,83836.42931
10406,Person 406,45.46439628,6046.749226,265.5108359,84033.02374
10407,Person 407,45.57275542,6060.990712,266.130031,84229.61816
10408,Person 408,45.68111455,6075.232198,266.749226,84426.21259
10409,Person 409,45.78947368,6089.473684,267.3684211,84622.80702
10410,Person 410,45.89783282,6103.71517,267.9876161,84819.40144
10411,Person 411,46.00619195,6117.956656,268.6068111,85015.99587
10412,Person 412,46.11455108,6132.198142,269.2260062,85212.5903
10413,Person 413,46.22291022,6146.439628,269.8452012,85409.18473
10414,Person 414,46.33126935,6160.681115,270.4643963,85605.77915
10415,Person 415,46.43962848,6174.922601,271.0835913,85802.37358
10416,Person 416,46.54798762,6189.164087,271.7027864,85998.96801
10417,Person 417,46.65634675,6203.405573,272.3219814,86195.56244
10418,Person 418,46.76470588,6217.647059,272.9411765,86392.15686
10419,Person 419,46.87306502,6231.888545,273.5603715,86588.75129
10420,Person 420,46.98142415,6246.130031,274.1795666,86785.34572
10421,Person 421,47.08978328,6260.371517,274.7987616,86981.94014
10422,Person 422,47.19814241,6274.613003,275.4179567,87178.53457
10423,Person 423,47.30650155,6288.854489,276.0371517,87375.129
10424,Person 424,47.41486068,6303.095975,276.6563467,87571.72343
10425,Person 425,47.52321981,6317.337461,277.2755418,87768.31785
10426,Person 426,47.63157895,6331.578947,277.8947368,87964.91228
10427,Person 427,47.73993808,6345.820433,278.5139319,88161.50671
10428,Person 428,47.84829721,6360.06192,279.1331269,88358.10114
10429,Person 429,47.95665635,6374.303406,279.752322,88554.69556
10430,Person 430,48.06501548,6388.544892,280.371517,88751.28999
10431,Person 431,48.17337461,6402.786378,280.9907121,88947.88442
10432,Person 432,48.28173375,6417.027864,281.6099071,89144.47884
10433,Person 433,48.39009288,6431.26935,282.2291022,89341.07327
10434,Person 434,48.49845201,6445.510836,282.8482972,89537.6677
10435,Person 435,48.60681115,6459.752322,283.4674923,89734.26213
10436,Person 436,48.71517028,6473.993808,284.0866873,89930.85655
10437,Person 437,48.82352941,6488.235294,284.7058824,90127.45098
10438,Person 438,48.93188854,6502.47678,285.3250774,90324.04541
10439,Person 439,49.04024768,6516.718266,285.9442724,90520.63983
10440,Person 440,49.14860681,6530.959752,286.5634675,90717.23426
10441,Person 441,49.25696594,6545.201238,287.1826625,90913.82869
10442,Person 442,49.36532508,6559.442724,287.8018576,91110.42312
10443,Person 443,49.47368421,6573.684211,288.4210526,91307.01754
10444,Person 444,49.58204334,6587.925697,289.0402477,91503.61197
10445,Person 445,49.69040248,6602.167183,289.6594427,91700.2064
10446,Person 446,49.79876161,6616.408669,290.2786378,91896.80083
10447,Person 447,49.90712074,6630.650155,290.8978328,92093.39525
10448,Person 448,50.01547988,6644.891641,291.5170279,92289.98968
10449,Person 449,50.12383901,6659.133127,292.1362229,92486.58411
10450,Person 450,50.23219814,6673.374613,292.755418,92683.17853
10451,Person 451,50.34055728,6687.616099,293.374613,92879.77296
10452,Person 452,50.44891641,6701.857585,293.993808,93076.36739
10453,Person 453,50.55727554,6716.099071,294.6130031,93272.96182
10454,Person 454,50.66563467,6730.340557,295.2321981,93469.55624
10455,Person 455,50.77399381,6744.582043,295.8513932,93666.15067
10456,Person 456,50.88235294,6758.823529,296.4705882,93862.7451
10457,Person 457,50.99071207,6773.065015,297.0897833,94059.33953
10458,Person 458,51.09907121,6787.306502,297.7089783,94255.93395
10459,Person 459,51.20743034,6801.547988,298.3281734,94452.52838
10460,Person 460,51.31578947,6815.789474,298.9473684,94649.12281
10461,Person 461,51.42414861,6830.03096,299.5665635,94845.71723
10462,Person 462,51.53250774,6844.272446,300.1857585,95042.31166
10463,Person 463,51.64086687,6858.513932,300.8049536,95238.90609
10464,Person 464,51.74922601,6872.755418,301.4241486,95435.50052
10465,Person 465,51.85758514,6886.996904,302.0433437,95632.09494
10466,Person 466,51.96594427,6901.23839,302.6625387,95828.68937
10467,Person 467,52.07430341,6915.479876,303.2817337,96025.2838
10468,Person 468,52.18266254,6929.721362,303.9009288,96221.87822
10469,Person 469,52.29102167,6943.962848,304.5201238,96418.47265
10470,Person 470,52.3993808,6958.204334,305.1393189,96615.06708
10471,Person 471,52.50773994,6972.44582,305.7585139,96811.66151
10472,Person 472,52.61609907,6986.687307,306.377709,97008.25593
10473,Person 473,52.7244582,7000.928793,306.996904,97204.85036
10474,Person 474,52.83281734,7015.170279,307.6160991,97401.44479
10475,Person 475,52.94117647,7029.411765,308.2352941,97598.03922
10476,Person 476,53.0495356,7043.653251,308.8544892,97794.63364
10477,Person 477,53.15789474,7057.894737,309.4736842,97991.22807
10478,Person 478,53.26625387,7072.136223,310.0928793,98187.8225
10479,Person 479,53.374613,7086.377709,310.7120743,98384.41692
10480,Person 480,53.48297214,7100.619195,311.3312693,98581.01135
10481,Person 481,53.59133127,7114.860681,311.9504644,98777.60578
10482,Person 482,53.6996904,7129.102167,312.5696594,98974.20021
10483,Person 483,53.80804954,7143.343653,313.1888545,99170.79463
10484,Person 484,53.91640867,7157.585139,313.8080495,99367.38906
10485,Person 485,54.0247678,7171.826625,314.4272446,99563.98349
10486,Person 486,54.13312693,7186.068111,315.0464396,99760.57792
10487,Person 487,54.24148607,7200.309598,315.6656347,99957.17234
10488,Person 488,54.3498452,7214.551084,316.2848297,100153.7668
10489,Person 489,54.45820433,7228.79257,316.9040248,100350.3612
10490,Person 490,54.56656347,7243.034056,317.5232198,100546.9556
10491,Person 491,54.6749226,7257.275542,318.1424149,100743.5501
10492,Person 492,54.78328173,7271.517028,318.7616099,100940.1445
10493,Person 493,54.89164087,7285.758514,319.380805,101136.7389
10494,Person 494,55,7300,320,101333.3333
10495,Person 495,55.10835913,7314.241486,320.619195,101529.9278
10496,Person 496,55.21671827,7328.482972,321.2383901,101726.5222
10497,Person 497,55.3250774,7342.724458,321.8575851,101923.1166
10498,Person 498,55.43343653,7356.965944,322.4767802,102119.711
10499,Person 499,55.54179567,7371.20743,323.0959752,102316.3055
10500,Person 500,55.6501548,7385.448916,323.7151703,102512.8999
10501,Person 501,55.75851393,7399.690402,324.3343653,102709.4943
10502,Person 502,55.86687307,7413.931889,324.9535604,102906.0888
10503,Person 503,55.9752322,7428.173375,325.5727554,103102.6832
10504,Person 504,56.08359133,7442.414861,326.1919505,103299.2776
10505,Person 505,56.19195046,7456.656347,326.8111455,103495.872
10506,Person 506,56.3003096,7470.897833,327.4303406,103692.4665
10507,Person 507,56.40866873,7485.139319,328.0495356,103889.0609
10508,Person 508,56.51702786,7499.380805,328.6687307,104085.6553
10509,Person 509,56.625387,7513.622291,329.2879257,104282.2497
10510,Person 510,56.73374613,7527.863777,329.9071207,104478.8442
10511,Person 511,56.84210526,7542.105263,330.5263158,104675.4386
10512,Person 512,56.9504644,7556.346749,331.1455108,104872.033
10513,Person 513,57.05882353,7570.588235,331.7647059,105068.6275
10514,Person 514,57.16718266,7584.829721,332.3839009,105265.2219
10515,Person 515,57.2755418,7599.071207,333.003096,105461.8163
10516,Person 516,57.38390093,7613.312693,333.622291,105658.4107
10517,Person 517,57.49226006,7627.55418,334.2414861,105855.0052
10518,Person 518,57.6006192,7641.795666,334.8606811,106051.5996
10519,Person 519,57.70897833,7656.037152,335.4798762,106248.194
10520,Person 520,57.81733746,7670.278638,336.0990712,106444.7884
10521,Person 521,57.92569659,7684.520124,336.7182663,106641.3829
10522,Person 522,58.03405573,7698.76161,337.3374613,106837.9773
10523,Person 523,58.14241486,7713.003096,337.9566563,107034.5717
10524,Person 524,58.25077399,7727.244582,338.5758514,107231.1662
10525,Person 525,58.35913313,7741.486068,339.1950464,107427.7606
10526,Person 526,58.46749226,7755.727554,339.8142415,107624.355
10527,Person 527,58.57585139,7769.96904,340.4334365,107820.9494
10528,Person 528,58.68421053,7784.210526,341.0526316,108017.5439
10529,Person 529,58.79256966,7798.452012,341.6718266,108214.1383
10530,Person 530,58.90092879,7812.693498,342.2910217,108410.7327
10531,Person 531,59.00928793,7826.934985,342.9102167,108607.3271
10532,Person 532,59.11764706,7841.176471,343.5294118,108803.9216
10533,Person 533,59.22600619,7855.417957,344.1486068,109000.516
10534,Person 534,59.33436533,7869.659443,344.7678019,109197.1104
10535,Person 535,59.44272446,7883.900929,345.3869969,109393.7049
10536,Person 536,59.55108359,7898.142415,346.006192,109590.2993
10537,Person 537,59.65944272,7912.383901,346.625387,109786.8937
10538,Person 538,59.76780186,7926.625387,347.244582,109983.4881
10539,Person 539,59.87616099,7940.866873,347.8637771,110180.0826
10540,Person 540,59.98452012,7955.108359,348.4829721,110376.677
10541,Person 541,60.09287926,7969.349845,349.1021672,110573.2714
10542,Person 542,60.20123839,7983.591331,349.7213622,110769.8658
10543,Person 543,60.30959752,7997.832817,350.3405573,110966.4603
10544,Person 544,60.41795666,8012.074303,350.9597523,111163.0547
10545,Person 545,60.52631579,8026.315789,351.5789474,111359.6491
10546,Person 546,60.63467492,8040.557276,352.1981424,111556.2436
10547,Person 547,60.74303406,8054.798762,352.8173375,111752.838
10548,Person 548,60.85139319,8069.040248,353.4365325,111949.4324
10549,Person 549,60.95975232,8083.281734,354.0557276,112146.0268
10550,Person 550,61.06811146,8097.52322,354.6749226,112342.6213
10551,Person 551,61.17647059,8111.764706,355.2941176,112539.2157
10552,Person 552,61.28482972,8126.006192,355.9133127,112735.8101
10553,Person 553,61.39318885,8140.247678,356.5325077,112932.4045
10554,Person 554,61.50154799,8154.489164,357.1517028,113128.999
10555,Person 555,61.60990712,8168.73065,357.7708978,113325.5934
10556,Person 556,61.71826625,8182.972136,358.3900929,113522.1878
10557,Person 557,61.82662539,8197.213622,359.0092879,113718.7822
10558,Person 558,61.93498452,8211.455108,359.628483,113915.3767
10559,Person 559,62.04334365,8225.696594,360.247678,114111.9711
10560,Person 560,62.15170279,8239.93808,360.8668731,114308.5655
10561,Person 561,62.26006192,8254.179567,361.4860681,114505.16
10562,Person 562,62.36842105,8268.421053,362.1052632,114701.7544
10563,Person 563,62.47678019,8282.662539,362.7244582,114898.3488
10564,Person 564,62.58513932,8296.904025,363.3436533,115094.9432
10565,Person 565,62.69349845,8311.145511,363.9628483,115291.5377
10566,Person 566,62.80185759,8325.386997,364.5820433,115488.1321
10567,Person 567,62.91021672,8339.628483,365.2012384,115684.7265
10568,Person 568,63.01857585,8353.869969,365.8204334,115881.3209
10569,Person 569,63.12693498,8368.111455,366.4396285,116077.9154
10570,Person 570,63.23529412,8382.352941,367.0588235,116274.5098
10571,Person 571,63.34365325,8396.594427,367.6780186,116471.1042
10572,Person 572,63.45201238,8410.835913,368.2972136,116667.6987
10573,Person 573,63.56037152,8425.077399,368.9164087,116864.2931
10574,Person 574,63.66873065,8439.318885,369.5356037,117060.8875
10575,Person 575,63.77708978,8453.560372,370.1547988,117257.4819
10576,Person 576,63.88544892,8467.801858,370.7739938,117454.0764
10577,Person 577,63.99380805,8482.043344,371.3931889,117650.6708
10578,Person 578,64.10216718,8496.28483,372.0123839,117847.2652
10579,Person 579,64.21052632,8510.526316,372.6315789,118043.8596
10580,Person 580,64.31888545,8524.767802,373.250774,118240.4541
10581,Person 581,64.42724458,8539.009288,373.869969,118437.0485
10582,Person 582,64.53560372,8553.250774,374.4891641,118633.6429
10583,Person 583,64.64396285,8567.49226,375.1083591,118830.2374
10584,Person 584,64.75232198,8581.733746,375.7275542,119026.8318
10585,Person 585,64.86068111,8595.975232,376.3467492,119223.4262
10586,Person 586,64.96904025,8610.216718,376.9659443,119420.0206
10587,Person 587,65.07739938,8624.458204,377.5851393,119616.6151
10588,Person 588,65.18575851,8638.69969,378.2043344,119813.2095
10589,Person 589,65.29411765,8652.941176,378.8235294,120009.8039
10590,Person 590,65.40247678,8667.182663,379.4427245,120206.3983
10591,Person 591,65.51083591,8681.424149,380.0619195,120402.9928
10592,Person 592,65.61919505,8695.665635,380.6811146,120599.5872
10593,Person 593,65.72755418,8709.907121,381.3003096,120796.1816
10594,Person 594,65.83591331,8724.148607,381.9195046,120992.7761
10595,Person 595,65.94427245,8738.390093,382.5386997,121189.3705
10596,Person 596,66.05263158,8752.631579,383.1578947,121385.9649
10597,Person 597,66.16099071,8766.873065,383.7770898,121582.5593
10598,Person 598,66.26934985,8781.114551,384.3962848,121779.1538
10599,Person 599,66.37770898,8795.356037,385.0154799,121975.7482
10600,Person 600,66.48606811,8809.597523,385.6346749,122172.3426
10601,Person 601,66.59442724,8823.839009,386.25387,122368.937
10602,Person 602,66.70278638,8838.080495,386.873065,122565.5315
10603,Person 603,66.81114551,8852.321981,387.4922601,122762.1259
10604,Person 604,66.91950464,8866.563467,388.1114551,122958.7203
10605,Person 605,67.02786378,8880.804954,388.7306502,123155.3148
10606,Person 606,67.13622291,8895.04644,389.3498452,123351.9092
10607,Person 607,67.24458204,8909.287926,389.9690402,123548.5036
10608,Person 608,67.35294118,8923.529412,390.5882353,123745.098
10609,Person 609,67.46130031,8937.770898,391.2074303,123941.6925
10610,Person 610,67.56965944,8952.012384,391.8266254,124138.2869
10611,Person 611,67.67801858,8966.25387,392.4458204,124334.8813
10612,Person 612,67.78637771,8980.495356,393.0650155,124531.4757
10613,Person 613,67.89473684,8994.736842,393.6842105,124728.0702
10614,Person 614,68.00309598,9008.978328,394.3034056,124924.6646
10615,Person 615,68.11145511,9023.219814,394.9226006,125121.259
10616,Person 616,68.21981424,9037.4613,395.5417957,125317.8535
10617,Person 617,68.32817337,9051.702786,396.1609907,125514.4479
10618,Person 618,68.43653251,9065.944272,396.7801858,125711.0423
10619,Person 619,68.54489164,9080.185759,397.3993808,125907.6367
10620,Person 620,68.65325077,9094.427245,398.0185759,126104.2312
10621,Person 621,68.76160991,9108.668731,398.6377709,126300.8256
10622,Person 622,68.86996904,9122.910217,399.2569659,126497.42
10623,Person 623,68.97832817,9137.151703,399.876161,126694.0144
10624,Person 624,69.08668731,9151.393189,400.495356,126890.6089
10625,Person 625,69.19504644,9165.634675,401.1145511,127087.2033
10626,Person 626,69.30340557,9179.876161,401.7337461,127283.7977
10627,Person 627,69.41176471,9194.117647,402.3529412,127480.3922
10628,Person 628,69.52012384,9208.359133,402.9721362,127676.9866
10629,Person 629,69.62848297,9222.600619,403.5913313,127873.581
10630,Person 630,69.73684211,9236.842105,404.2105263,128070.1754
10631,Person 631,69.84520124,9251.083591,404.8297214,128266.7699
10632,Person 632,69.95356037,9265.325077,405.4489164,128463.3643
10633,Person 633,70.0619195,9279.566563,406.0681115,128659.9587
10634,Person 634,70.17027864,9293.80805,406.6873065,128856.5531
10635,Person 635,70.27863777,9308.049536,407.3065015,129053.1476
10636,Person 636,70.3869969,9322.291022,407.9256966,129249.742
10637,Person 637,70.49535604,9336.532508,408.5448916,129446.3364
10638,Person 638,70.60371517,9350.773994,409.1640867,129642.9309
10639,Person 639,70.7120743,9365.01548,409.7832817,129839.5253
10640,Person 640,70.82043344,9379.256966,410.4024768,130036.1197
10641,Person 641,70.92879257,9393.498452,411.0216718,130232.7141
10642,Person 642,71.0371517,9407.739938,411.6408669,130429.3086
10643,Person 643,71.14551084,9421.981424,412.2600619,130625.903
10644,Person 644,71.25386997,9436.22291,412.879257,130822.4974
10645,Person 645,71.3622291,9450.464396,413.498452,131019.0918
10646,Person 646,71.47058824,9464.705882,414.1176471,131215.6863
10647,Person 647,71.57894737,9478.947368,414.7368421,131412.2807
10648,Person 648,71.6873065,9493.188854,415.3560372,131608.8751
10649,Person 649,71.79566563,9507.430341,415.9752322,131805.4696
10650,Person 650,71.90402477,9521.671827,416.5944272,132002.064
10651,Person 651,72.0123839,9535.913313,417.2136223,132198.6584
10652,Person 652,72.12074303,9550.154799,417.8328173,132395.2528
10653,Person 653,72.22910217,9564.396285,418.4520124,132591.8473
10654,Person 654,72.3374613,9578.637771,419.0712074,132788.4417
10655,Person 655,72.44582043,9592.879257,419.6904025,132985.0361
10656,Person 656,72.55417957,9607.120743,420.3095975,133181.6305
10657,Person 657,72.6625387,9621.362229,420.9287926,133378.225
10658,Person 658,72.77089783,9635.603715,421.5479876,133574.8194
10659,Person 659,72.87925697,9649.845201,422.1671827,133771.4138
10660,Person 660,72.9876161,9664.086687,422.7863777,133968.0083
10661,Person 661,73.09597523,9678.328173,423.4055728,134164.6027
10662,Person 662,73.20433437,9692.569659,424.0247678,134361.1971
10663,Person 663,73.3126935,9706.811146,424.6439628,134557.7915
10664,Person 664,73.42105263,9721.052632,425.2631579,134754.386
10665,Person 665,73.52941176,9735.294118,425.8823529,134950.9804
10666,Person 666,73.6377709,9749.535604,426.501548,135147.5748
10667,Person 667,73.74613003,9763.77709,427.120743,135344.1692
10668,Person 668,73.85448916,9778.018576,427.7399381,135540.7637
10669,Person 669,73.9628483,9792.260062,428.3591331,135737.3581
10670,Person 670,74.07120743,9806.501548,428.9783282,135933.9525
10671,Person 671,74.17956656,9820.743034,429.5975232,136130.547
10672,Person 672,74.2879257,9834.98452,430.2167183,136327.1414
10673,Person 673,74.39628483,9849.226006,430.8359133,136523.7358
10674,Person 674,74.50464396,9863.467492,431.4551084,136720.3302
10675,Person 675,74.6130031,9877.708978,432.0743034,136916.9247
10676,Person 676,74.72136223,9891.950464,432.6934985,137113.5191
10677,Person 677,74.82972136,9906.19195,433.3126935,137310.1135
10678,Person 678,74.9380805,9920.433437,433.9318885,137506.7079
10679,Person 679,75.04643963,9934.674923,434.5510836,137703.3024
10680,Person 680,75.15479876,9948.916409,435.1702786,137899.8968
10681,Person 681,75.26315789,9963.157895,435.7894737,138096.4912
10682,Person 682,75.37151703,9977.399381,436.4086687,138293.0857
10683,Person 683,75.47987616,9991.640867,437.0278638,138489.6801
10684,Person 684,75.58823529,10005.88235,437.6470588,138686.2745
10685,Person 685,75.69659443,10020.12384,438.2662539,138882.8689
10686,Person 686,75.80495356,10034.36533,438.8854489,139079.4634
10687,Person 687,75.91331269,10048.60681,439.504644,139276.0578
10688,Person 688,76.02167183,10062.8483,440.123839,139472.6522
10689,Person 689,76.13003096,10077.08978,440.7430341,139669.2466
10690,Person 690,76.23839009,10091.33127,441.3622291,139865.8411
10691,Person 691,76.34674923,10105.57276,441.9814241,140062.4355
10692,Person 692,76.45510836,10119.81424,442.6006192,140259.0299
10693,Person 693,76.56346749,10134.05573,443.2198142,140455.6244
10694,Person 694,76.67182663,10148.29721,443.8390093,140652.2188
10695,Person 695,76.78018576,10162.5387,444.4582043,140848.8132
10696,Person 696,76.88854489,10176.78019,445.0773994,141045.4076
10697,Person 697,76.99690402,10191.02167,445.6965944,141242.0021
10698,Person 698,77.10526316,10205.26316,446.3157895,141438.5965
10699,Person 699,77.21362229,10219.50464,446.9349845,141635.1909
10700,Person 700,77.32198142,10233.74613,447.5541796,141831.7853
10701,Person 701,77.43034056,10247.98762,448.1733746,142028.3798
10702,Person 702,77.53869969,10262.2291,448.7925697,142224.9742
10703,Person 703,77.64705882,10276.47059,449.4117647,142421.5686
10704,Person 704,77.75541796,10290.71207,450.0309598,142618.1631
10705,Person 705,77.86377709,10304.95356,450.6501548,142814.7575
10706,Person 706,77.97213622,10319.19505,451.2693498,143011.3519
10707,Person 707,78.08049536,10333.43653,451.8885449,143207.9463
10708,Person 708,78.18885449,10347.67802,452.5077399,143404.5408
10709,Person 709,78.29721362,10361.9195,453.126935,143601.1352
10710,Person 710,78.40557276,10376.16099,453.74613,143797.7296
10711,Person 711,78.51393189,10390.40248,454.3653251,143994.324
10712,Person 712,78.62229102,10404.64396,454.9845201,144190.9185
10713,Person 713,78.73065015,10418.88545,455.6037152,144387.5129
10714,Person 714,78.83900929,10433.12693,456.2229102,144584.1073
10715,Person 715,78.94736842,10447.36842,456.8421053,144780.7018
10716,Person 716,79.05572755,10461.60991,457.4613003,144977.2962
10717,Person 717,79.16408669,10475.85139,458.0804954,145173.8906
10718,Person 718,79.27244582,10490.09288,458.6996904,145370.485
10719,Person 719,79.38080495,10504.33437,459.3188854,145567.0795
10720,Person 720,79.48916409,10518.57585,459.9380805,145763.6739
10721,Person 721,79.59752322,10532.81734,460.5572755,145960.2683
10722,Person 722,79.70588235,10547.05882,461.1764706,146156.8627
10723,Person 723,79.81424149,10561.30031,461.7956656,146353.4572
10724,Person 724,79.92260062,10575.5418,462.4148607,146550.0516
10725,Person 725,80.03095975,10589.78328,463.0340557,146746.646
10726,Person 726,80.13931889,10604.02477,463.6532508,146943.2405
10727,Person 727,80.24767802,10618.26625,464.2724458,147139.8349
10728,Person 728,80.35603715,10632.50774,464.8916409,147336.4293
10729,Person 729,80.46439628,10646.74923,465.5108359,147533.0237
10730,Person 730,80.57275542,10660.99071,466.130031,147729.6182
10731,Person 731,80.68111455,10675.2322,466.749226,147926.2126
10732,Person 732,80.78947368,10689.47368,467.3684211,148122.807
10733,Person 733,80.89783282,10703.71517,467.9876161,148319.4014
10734,Person 734,81.00619195,10717.95666,468.6068111,148515.9959
10735,Person 735,81.11455108,10732.19814,469.2260062,148712.5903
10736,Person 736,81.22291022,10746.43963,469.8452012,148909.1847
10737,Person 737,81.33126935,10760.68111,470.4643963,149105.7792
10738,Person 738,81.43962848,10774.9226,471.0835913,149302.3736
10739,Person 739,81.54798762,10789.16409,471.7027864,149498.968
10740,Person 740,81.65634675,10803.40557,472.3219814,149695.5624
10741,Person 741,81.76470588,10817.64706,472.9411765,149892.1569
10742,Person 742,81.87306502,10831.88854,473.5603715,150088.7513
10743,Person 743,81.98142415,10846.13003,474.1795666,150285.3457
10744,Person 744,82.08978328,10860.37152,474.7987616,150481.9401
10745,Person 745,82.19814241,10874.613,475.4179567,150678.5346
10746,Person 746,82.30650155,10888.85449,476.0371517,150875.129
10747,Person 747,82.41486068,10903.09598,476.6563467,151071.7234
10748,Person 748,82.52321981,10917.33746,477.2755418,151268.3179
10749,Person 749,82.63157895,10931.57895,477.8947368,151464.9123
10750,Person 750,82.73993808,10945.82043,478.5139319,151661.5067
10751,Person 751,82.84829721,10960.06192,479.1331269,151858.1011
10752,Person 752,82.95665635,10974.30341,479.752322,152054.6956
10753,Person 753,83.06501548,10988.54489,480.371517,152251.29
10754,Person 754,83.17337461,11002.78638,480.9907121,152447.8844
10755,Person 755,83.28173375,11017.02786,481.6099071,152644.4788
10756,Person 756,83.39009288,11031.26935,482.2291022,152841.0733
10757,Person 757,83.49845201,11045.51084,482.8482972,153037.6677
10758,Person 758,83.60681115,11059.75232,483.4674923,153234.2621
10759,Person 759,83.71517028,11073.99381,484.0866873,153430.8566
10760,Person 760,83.82352941,11088.23529,484.7058824,153627.451
10761,Person 761,83.93188854,11102.47678,485.3250774,153824.0454
10762,Person 762,84.04024768,11116.71827,485.9442724,154020.6398
10763,Person 763,84.14860681,11130.95975,486.5634675,154217.2343
10764,Person 764,84.25696594,11145.20124,487.1826625,154413.8287
10765,Person 765,84.36532508,11159.44272,487.8018576,154610.4231
10766,Person 766,84.47368421,11173.68421,488.4210526,154807.0175
10767,Person 767,84.58204334,11187.9257,489.0402477,155003.612
10768,Person 768,84.69040248,11202.16718,489.6594427,155200.2064
10769,Person 769,84.79876161,11216.40867,490.2786378,155396.8008
10770,Person 770,84.90712074,11230.65015,490.8978328,155593.3953
10771,Person 771,85.01547988,11244.89164,491.5170279,155789.9897
10772,Person 772,85.12383901,11259.13313,492.1362229,155986.5841
10773,Person 773,85.23219814,11273.37461,492.755418,156183.1785
10774,Person 774,85.34055728,11287.6161,493.374613,156379.773
10775,Person 775,85.44891641,11301.85759,493.993808,156576.3674
10776,Person 776,85.55727554,11316.09907,494.6130031,156772.9618
10777,Person 777,85.66563467,11330.34056,495.2321981,156969.5562
10778,Person 778,85.77399381,11344.58204,495.8513932,157166.1507
10779,Person 779,85.88235294,11358.82353,496.4705882,157362.7451
10780,Person 780,85.99071207,11373.06502,497.0897833,157559.3395
10781,Person 781,86.09907121,11387.3065,497.7089783,157755.934
10782,Person 782,86.20743034,11401.54799,498.3281734,157952.5284
10783,Person 783,86.31578947,11415.78947,498.9473684,158149.1228
10784,Person 784,86.42414861,11430.03096,499.5665635,158345.7172
10785,Person 785,86.53250774,11444.27245,500.1857585,158542.3117
10786,Person 786,86.64086687,11458.51393,500.8049536,158738.9061
10787,Person 787,86.74922601,11472.75542,501.4241486,158935.5005
10788,Person 788,86.85758514,11486.9969,502.0433437,159132.0949
10789,Person 789,86.96594427,11501.23839,502.6625387,159328.6894
10790,Person 790,87.07430341,11515.47988,503.2817337,159525.2838
10791,Person 791,87.18266254,11529.72136,503.9009288,159721.8782
10792,Person 792,87.29102167,11543.96285,504.5201238,159918.4727
10793,Person 793,87.3993808,11558.20433,505.1393189,160115.0671
10794,Person 794,87.50773994,11572.44582,505.7585139,160311.6615
10795,Person 795,87.61609907,11586.68731,506.377709,160508.2559
10796,Person 796,87.7244582,11600.92879,506.996904,160704.8504
10797,Person 797,87.83281734,11615.17028,507.6160991,160901.4448
10798,Person 798,87.94117647,11629.41176,508.2352941,161098.0392
10799,Person 799,88.0495356,11643.65325,508.8544892,161294.6336
10800,Person 800,88.15789474,11657.89474,509.4736842,161491.2281
10801,Person 801,88.26625387,11672.13622,510.0928793,161687.8225
10802,Person 802,88.374613,11686.37771,510.7120743,161884.4169
10803,Person 803,88.48297214,11700.6192,511.3312693,162081.0114
10804,Person 804,88.59133127,11714.86068,511.9504644,162277.6058
10805,Person 805,88.6996904,11729.10217,512.5696594,162474.2002
10806,Person 806,88.80804954,11743.34365,513.1888545,162670.7946
10807,Person 807,88.91640867,11757.58514,513.8080495,162867.3891
10808,Person 808,89.0247678,11771.82663,514.4272446,163063.9835
10809,Person 809,89.13312693,11786.06811,515.0464396,163260.5779
10810,Person 810,89.24148607,11800.3096,515.6656347,163457.1723
10811,Person 811,89.3498452,11814.55108,516.2848297,163653.7668
10812,Person 812,89.45820433,11828.79257,516.9040248,163850.3612
10813,Person 813,89.56656347,11843.03406,517.5232198,164046.9556
10814,Person 814,89.6749226,11857.27554,518.1424149,164243.5501
10815,Person 815,89.78328173,11871.51703,518.7616099,164440.1445
10816,Person 816,89.89164087,11885.75851,519.380805,164636.7389
10817,Person 817,90,11900,520,164833.3333
10818,Person 818,90.10835913,11914.24149,520.619195,165029.9278
10819,Person 819,90.21671827,11928.48297,521.2383901,165226.5222
10820,Person 820,90.3250774,11942.72446,521.8575851,165423.1166
10821,Person 821,90.43343653,11956.96594,522.4767802,165619.711
10822,Person 822,90.54179567,11971.20743,523.0959752,165816.3055
10823,Person 823,90.6501548,11985.44892,523.7151703,166012.8999
10824,Person 824,90.75851393,11999.6904,524.3343653,166209.4943
10825,Person 825,90.86687307,12013.93189,524.9535604,166406.0888
10826,Person 826,90.9752322,12028.17337,525.5727554,166602.6832
10827,Person 827,91.08359133,12042.41486,526.1919505,166799.2776
10828,Person 828,91.19195046,12056.65635,526.8111455,166995.872
10829,Person 829,91.3003096,12070.89783,527.4303406,167192.4665
10830,Person 830,91.40866873,12085.13932,528.0495356,167389.0609
10831,Person 831,91.51702786,12099.3808,528.6687307,167585.6553
10832,Person 832,91.625387,12113.62229,529.2879257,167782.2497
10833,Person 833,91.73374613,12127.86378,529.9071207,167978.8442
10834,Person 834,91.84210526,12142.10526,530.5263158,168175.4386
10835,Person 835,91.9504644,12156.34675,531.1455108,168372.033
10836,Person 836,92.05882353,12170.58824,531.7647059,168568.6275
10837,Person 837,92.16718266,12184.82972,532.3839009,168765.2219
10838,Person 838,92.2755418,12199.07121,533.003096,168961.8163
10839,Person 839,92.38390093,12213.31269,533.622291,169158.4107
10840,Person 840,92.49226006,12227.55418,534.2414861,169355.0052
10841,Person 841,92.6006192,12241.79567,534.8606811,169551.5996
10842,Person 842,92.70897833,12256.03715,535.4798762,169748.194
10843,Person 843,92.81733746,12270.27864,536.0990712,169944.7884
10844,Person 844,92.92569659,12284.52012,536.7182663,170141.3829
10845,Person 845,93.03405573,12298.76161,537.3374613,170337.9773
10846,Person 846,93.14241486,12313.0031,537.9566563,170534.5717
10847,Person 847,93.25077399,12327.24458,538.5758514,170731.1662
10848,Person 848,93.35913313,12341.48607,539.1950464,170927.7606
10849,Person 849,93.46749226,12355.72755,539.8142415,171124.355
10850,Person 850,93.57585139,12369.96904,540.4334365,171320.9494
10851,Person 851,93.68421053,12384.21053,541.0526316,171517.5439
10852,Person 852,93.79256966,12398.45201,541.6718266,171714.1383
10853,Person 853,93.90092879,12412.6935,542.2910217,171910.7327
10854,Person 854,94.00928793,12426.93498,542.9102167,172107.3271
10855,Person 855,94.11764706,12441.17647,543.5294118,172303.9216
10856,Person 856,94.22600619,12455.41796,544.1486068,172500.516
10857,Person 857,94.33436533,12469.65944,544.7678019,172697.1104
10858,Person 858,94.44272446,12483.90093,545.3869969,172893.7049
10859,Person 859,94.55108359,12498.14241,546.006192,173090.2993
10860,Person 860,94.65944272,12512.3839,546.625387,173286.8937
10861,Person 861,94.76780186,12526.62539,547.244582,173483.4881
10862,Person 862,94.87616099,12540.86687,547.8637771,173680.0826
10863,Person 863,94.98452012,12555.10836,548.4829721,173876.677
10864,Person 864,95.09287926,12569.34985,549.1021672,174073.2714
10865,Person 865,95.20123839,12583.59133,549.7213622,174269.8658
10866,Person 866,95.30959752,12597.83282,550.3405573,174466.4603
10867,Person 867,95.41795666,12612.0743,550.9597523,174663.0547
10868,Person 868,95.52631579,12626.31579,551.5789474,174859.6491
10869,Person 869,95.63467492,12640.55728,552.1981424,175056.2436
10870,Person 870,95.74303406,12654.79876,552.8173375,175252.838
10871,Person 871,95.85139319,12669.04025,553.4365325,175449.4324
10872,Person 872,95.95975232,12683.28173,554.0557276,175646.0268
10873,Person 873,96.06811146,12697.52322,554.6749226,175842.6213
10874,Person 874,96.17647059,12711.76471,555.2941176,176039.2157
10875,Person 875,96.28482972,12726.00619,555.9133127,176235.8101
10876,Person 876,96.39318885,12740.24768,556.5325077,176432.4045
10877,Person 877,96.50154799,12754.48916,557.1517028,176628.999
10878,Person 878,96.60990712,12768.73065,557.7708978,176825.5934
10879,Person 879,96.71826625,12782.97214,558.3900929,177022.1878
10880,Person 880,96.82662539,12797.21362,559.0092879,177218.7822
10881,Person 881,96.93498452,12811.45511,559.628483,177415.3767
10882,Person 882,97.04334365,12825.69659,560.247678,177611.9711
10883,Person 883,97.15170279,12839.93808,560.8668731,177808.5655
10884,Person 884,97.26006192,12854.17957,561.4860681,178005.16
10885,Person 885,97.36842105,12868.42105,562.1052632,178201.7544
10886,Person 886,97.47678019,12882.66254,562.7244582,178398.3488
10887,Person 887,97.58513932,12896.90402,563.3436533,178594.9432
10888,Person 888,97.69349845,12911.14551,563.9628483,178791.5377
10889,Person 889,97.80185759,12925.387,564.5820433,178988.1321
10890,Person 890,97.91021672,12939.62848,565.2012384,179184.7265
10891,Person 891,98.01857585,12953.86997,565.8204334,179381.3209
10892,Person 892,98.12693498,12968.11146,566.4396285,179577.9154
10893,Person 893,98.23529412,12982.35294,567.0588235,179774.5098
10894,Person 894,98.34365325,12996.59443,567.6780186,179971.1042
10895,Person 895,98.45201238,13010.83591,568.2972136,180167.6987
10896,Person 896,98.56037152,13025.0774,568.9164087,180364.2931
10897,Person 897,98.66873065,13039.31889,569.5356037,180560.8875
10898,Person 898,98.77708978,13053.56037,570.1547988,180757.4819
10899,Person 899,98.88544892,13067.80186,570.7739938,180954.0764
10900,Person 900,98.99380805,13082.04334,571.3931889,181150.6708
10901,Person 901,99.10216718,13096.28483,572.0123839,181347.2652
10902,Person 902,99.21052632,13110.52632,572.6315789,181543.8596
10903,Person 903,99.31888545,13124.7678,573.250774,181740.4541
10904,Person 904,99.42724458,13139.00929,573.869969,181937.0485
10905,Person 905,99.53560372,13153.25077,574.4891641,182133.6429
10906,Person 906,99.64396285,13167.49226,575.1083591,182330.2374
10907,Person 907,99.75232198,13181.73375,575.7275542,182526.8318
10908,Person 908,99.86068111,13195.97523,576.3467492,182723.4262
10909,Person 909,99.96904025,13210.21672,576.9659443,182920.0206
10910,Person 910,100.0773994,13224.4582,577.5851393,183116.6151
10911,Person 911,100.1857585,13238.69969,578.2043344,183313.2095
10912,Person 912,100.2941176,13252.94118,578.8235294,183509.8039
10913,Person 913,100.4024768,13267.18266,579.4427245,183706.3983
10914,Person 914,100.5108359,13281.42415,580.0619195,183902.9928
10915,Person 915,100.619195,13295.66563,580.6811146,184099.5872
10916,Person 916,100.7275542,13309.90712,581.3003096,184296.1816
10917,Person 917,100.8359133,13324.14861,581.9195046,184492.7761
10918,Person 918,100.9442724,13338.39009,582.5386997,184689.3705
10919,Person 919,101.0526316,13352.63158,583.1578947,184885.9649
10920,Person 920,101.1609907,13366.87307,583.7770898,185082.5593
10921,Person 921,101.2693498,13381.11455,584.3962848,185279.1538
10922,Person 922,101.377709,13395.35604,585.0154799,185475.7482
10923,Person 923,101.4860681,13409.59752,585.6346749,185672.3426
10924,Person 924,101.5944272,13423.83901,586.25387,185868.937
10925,Person 925,101.7027864,13438.0805,586.873065,186065.5315
10926,Person 926,101.8111455,13452.32198,587.4922601,186262.1259
10927,Person 927,101.9195046,13466.56347,588.1114551,186458.7203
10928,Person 928,102.0278638,13480.80495,588.7306502,186655.3148
10929,Person 929,102.1362229,13495.04644,589.3498452,186851.9092
10930,Person 930,102.244582,13509.28793,589.9690402,187048.5036
10931,Person 931,102.3529412,13523.52941,590.5882353,187245.098
10932,Person 932,102.4613003,13537.7709,591.2074303,187441.6925
10933,Person 933,102.5696594,13552.01238,591.8266254,187638.2869
10934,Person 934,102.6780186,13566.25387,592.4458204,187834.8813
10935,Person 935,102.7863777,13580.49536,593.0650155,188031.4757
10936,Person 936,102.8947368,13594.73684,593.6842105,188228.0702
10937,Person 937,103.003096,13608.97833,594.3034056,188424.6646
10938,Person 938,103.1114551,13623.21981,594.9226006,188621.259
10939,Person 939,103.2198142,13637.4613,595.5417957,188817.8535
10940,Person 940,103.3281734,13651.70279,596.1609907,189014.4479
10941,Person 941,103.4365325,13665.94427,596.7801858,189211.0423
10942,Person 942,103.5448916,13680.18576,597.3993808,189407.6367
10943,Person 943,103.6532508,13694.42724,598.0185759,189604.2312
10944,Person 944,103.7616099,13708.66873,598.6377709,189800.8256
10945,Person 945,103.869969,13722.91022,599.2569659,189997.42
10946,Person 946,103.9783282,13737.1517,599.876161,190194.0144
10947,Person 947,104.0866873,13751.39319,600.495356,190390.6089
10948,Person 948,104.1950464,13765.63467,601.1145511,190587.2033
10949,Person 949,104.3034056,13779.87616,601.7337461,190783.7977
10950,Person 950,104.4117647,13794.11765,602.3529412,190980.3922
10951,Person 951,104.5201238,13808.35913,602.9721362,191176.9866
10952,Person 952,104.628483,13822.60062,603.5913313,191373.581
10953,Person 953,104.7368421,13836.84211,604.2105263,191570.1754
10954,Person 954,104.8452012,13851.08359,604.8297214,191766.7699
10955,Person 955,104.9535604,13865.32508,605.4489164,191963.3643
10956,Person 956,105.0619195,13879.56656,606.0681115,192159.9587
10957,Person 957,105.1702786,13893.80805,606.6873065,192356.5531
10958,Person 958,105.2786378,13908.04954,607.3065015,192553.1476
10959,Person 959,105.3869969,13922.29102,607.9256966,192749.742
10960,Person 960,105.495356,13936.53251,608.5448916,192946.3364
10961,Person 961,105.6037152,13950.77399,609.1640867,193142.9309
10962,Person 962,105.7120743,13965.01548,609.7832817,193339.5253
10963,Person 963,105.8204334,13979.25697,610.4024768,193536.1197
10964,Person 964,105.9287926,13993.49845,611.0216718,193732.7141
10965,Person 965,106.0371517,14007.73994,611.6408669,193929.3086
10966,Person 966,106.1455108,14021.98142,612.2600619,194125.903
10967,Person 967,106.25387,14036.22291,612.879257,194322.4974
10968,Person 968,106.3622291,14050.4644,613.498452,194519.0918
10969,Person 969,106.4705882,14064.70588,614.1176471,194715.6863
10970,Person 970,106.5789474,14078.94737,614.7368421,194912.2807
10971,Person 971,106.6873065,14093.18885,615.3560372,195108.8751
10972,Person 972,106.7956656,14107.43034,615.9752322,195305.4696
10973,Person 973,106.9040248,14121.67183,616.5944272,195502.064
10974,Person 974,107.0123839,14135.91331,617.2136223,195698.6584
10975,Person 975,107.120743,14150.1548,617.8328173,195895.2528
10976,Person 976,107.2291022,14164.39628,618.4520124,196091.8473
10977,Person 977,107.3374613,14178.63777,619.0712074,196288.4417
10978,Person 978,107.4458204,14192.87926,619.6904025,196485.0361
10979,Person 979,107.5541796,14207.12074,620.3095975,196681.6305
10980,Person 980,107.6625387,14221.36223,620.9287926,196878.225
10981,Person 981,107.7708978,14235.60372,621.5479876,197074.8194
10982,Person 982,107.879257,14249.8452,622.1671827,197271.4138
10983,Person 983,107.9876161,14264.08669,622.7863777,197468.0083
10984,Person 984,108.0959752,14278.32817,623.4055728,197664.6027
10985,Person 985,108.2043344,14292.56966,624.0247678,197861.1971
10986,Person 986,108.3126935,14306.81115,624.6439628,198057.7915
10987,Person 987,108.4210526,14321.05263,625.2631579,198254.386
10988,Person 988,108.5294118,14335.29412,625.8823529,198450.9804
10989,Person 989,108.6377709,14349.5356,626.501548,198647.5748
10990,Person 990,108.74613,14363.77709,627.120743,198844.1692
10991,Person 991,108.8544892,14378.01858,627.7399381,199040.7637
10992,Person 992,108.9628483,14392.26006,628.3591331,199237.3581
10993,Person 993,109.0712074,14406.50155,628.9783282,199433.9525
10994,Person 994,109.1795666,14420.74303,629.5975232,199630.547
10995,Person 995,109.2879257,14434.98452,630.2167183,199827.1414
10996,Person 996,109.3962848,14449.22601,630.8359133,200023.7358
10997,Person 997,109.504644,14463.46749,631.4551084,200220.3302
10998,Person 998,109.6130031,14477.70898,632.0743034,200416.9247
10999,Person 999,109.7213622,14491.95046,632.6934985,200613.5191
11000,Person 1000,109.8297214,14506.19195,633.3126935,200810.1135
11001,Person 1001,109.9380805,14520.43344,633.9318885,201006.7079
11002,Person 1002,110.0464396,14534.67492,634.5510836,201203.3024
11003,Person 1003,110.1547988,14548.91641,635.1702786,201399.8968
11004,Person 1004,110.2631579,14563.15789,635.7894737,201596.4912
11005,Person 1005,110.371517,14577.39938,636.4086687,201793.0857
11006,Person 1006,110.4798762,14591.64087,637.0278638,201989.6801
11007,Person 1007,110.5882353,14605.88235,637.6470588,202186.2745
11008,Person 1008,110.6965944,14620.12384,638.2662539,202382.8689
11009,Person 1009,110.8049536,14634.36533,638.8854489,202579.4634
11010,Person 1010,110.9133127,14648.60681,639.504644,202776.0578
11011,Person 1011,111.0216718,14662.8483,640.123839,202972.6522
11012,Person 1012,111.130031,14677.08978,640.7430341,203169.2466
11013,Person 1013,111.2383901,14691.33127,641.3622291,203365.8411
11014,Person 1014,111.3467492,14705.57276,641.9814241,203562.4355
11015,Person 1015,111.4551084,14719.81424,642.6006192,203759.0299
11016,Person 1016,111.5634675,14734.05573,643.2198142,203955.6244
11017,Person 1017,111.6718266,14748.29721,643.8390093,204152.2188
11018,Person 1018,111.7801858,14762.5387,644.4582043,204348.8132
11019,Person 1019,111.8885449,14776.78019,645.0773994,204545.4076
11020,Person 1020,111.996904,14791.02167,645.6965944,204742.0021
11021,Person 1021,112.1052632,14805.26316,646.3157895,204938.5965
11022,Person 1022,112.2136223,14819.50464,646.9349845,205135.1909
11023,Person 1023,112.3219814,14833.74613,647.5541796,205331.7853
11024,Person 1024,112.4303406,14847.98762,648.1733746,205528.3798
11025,Person 1025,112.5386997,14862.2291,648.7925697,205724.9742
11026,Person 1026,112.6470588,14876.47059,649.4117647,205921.5686
11027,Person 1027,112.755418,14890.71207,650.0309598,206118.1631
11028,Person 1028,112.8637771,14904.95356,650.6501548,206314.7575
11029,Person 1029,112.9721362,14919.19505,651.2693498,206511.3519
11030,Person 1030,113.0804954,14933.43653,651.8885449,206707.9463
11031,Person 1031,113.1888545,14947.67802,652.5077399,206904.5408
11032,Person 1032,113.2972136,14961.9195,653.126935,207101.1352
11033,Person 1033,113.4055728,14976.16099,653.74613,207297.7296
11034,Person 1034,113.5139319,14990.40248,654.3653251,207494.324
11035,Person 1035,113.622291,15004.64396,654.9845201,207690.9185
11036,Person 1036,113.7306502,15018.88545,655.6037152,207887.5129
11037,Person 1037,113.8390093,15033.12693,656.2229102,208084.1073
11038,Person 1038,113.9473684,15047.36842,656.8421053,208280.7018
11039,Person 1039,114.0557276,15061.60991,657.4613003,208477.2962
11040,Person 1040,114.1640867,15075.85139,658.0804954,208673.8906
11041,Person 1041,114.2724458,15090.09288,658.6996904,208870.485
11042,Person 1042,114.380805,15104.33437,659.3188854,209067.0795
11043,Person 1043,114.4891641,15118.57585,659.9380805,209263.6739
11044,Person 1044,114.5975232,15132.81734,660.5572755,209460.2683
11045,Person 1045,114.7058824,15147.05882,661.1764706,209656.8627
11046,Person 1046,114.8142415,15161.30031,661.7956656,209853.4572
11047,Person 1047,114.9226006,15175.5418,662.4148607,210050.0516
11048,Person 1048,115.0309598,15189.78328,663.0340557,210246.646
11049,Person 1049,115.1393189,15204.02477,663.6532508,210443.2405
11050,Person 1050,115.247678,15218.26625,664.2724458,210639.8349
11051,Person 1051,115.3560372,15232.50774,664.8916409,210836.4293
11052,Person 1052,115.4643963,15246.74923,665.5108359,211033.0237
11053,Person 1053,115.5727554,15260.99071,666.130031,211229.6182
11054,Person 1054,115.6811146,15275.2322,666.749226,211426.2126
11055,Person 1055,115.7894737,15289.47368,667.3684211,211622.807
11056,Person 1056,115.8978328,15303.71517,667.9876161,211819.4014
11057,Person 1057,116.006192,15317.95666,668.6068111,212015.9959
11058,Person 1058,116.1145511,15332.19814,669.2260062,212212.5903
11059,Person 1059,116.2229102,15346.43963,669.8452012,212409.1847
11060,Person 1060,116.3312693,15360.68111,670.4643963,212605.7792
11061,Person 1061,116.4396285,15374.9226,671.0835913,212802.3736
11062,Person 1062,116.5479876,15389.16409,671.7027864,212998.968
11063,Person 1063,116.6563467,15403.40557,672.3219814,213195.5624
11064,Person 1064,116.7647059,15417.64706,672.9411765,213392.1569
11065,Person 1065,116.873065,15431.88854,673.5603715,213588.7513
11066,Person 1066,116.9814241,15446.13003,674.1795666,213785.3457
11067,Person 1067,117.0897833,15460.37152,674.7987616,213981.9401
11068,Person 1068,117.1981424,15474.613,675.4179567,214178.5346
11069,Person 1069,117.3065015,15488.85449,676.0371517,214375.129
11070,Person 1070,117.4148607,15503.09598,676.6563467,214571.7234
11071,Person 1071,117.5232198,15517.33746,677.2755418,214768.3179
11072,Person 1072,117.6315789,15531.57895,677.8947368,214964.9123
11073,Person 1073,117.7399381,15545.82043,678.5139319,215161.5067
11074,Person 1074,117.8482972,15560.06192,679.1331269,215358.1011
11075,Person 1075,117.9566563,15574.30341,679.752322,215554.6956
11076,Person 1076,118.0650155,15588.54489,680.371517,215751.29
11077,Person 1077,118.1733746,15602.78638,680.9907121,215947.8844
11078,Person 1078,118.2817337,15617.02786,681.6099071,216144.4788
11079,Person 1079,118.3900929,15631.26935,682.2291022,216341.0733
11080,Person 1080,118.498452,15645.51084,682.8482972,216537.6677
11081,Person 1081,118.6068111,15659.75232,683.4674923,216734.2621
11082,Person 1082,118.7151703,15673.99381,684.0866873,216930.8566
11083,Person 1083,118.8235294,15688.23529,684.7058824,217127.451
11084,Person 1084,118.9318885,15702.47678,685.3250774,217324.0454
11085,Person 1085,119.0402477,15716.71827,685.9442724,217520.6398
11086,Person 1086,119.1486068,15730.95975,686.5634675,217717.2343
11087,Person 1087,119.2569659,15745.20124,687.1826625,217913.8287
11088,Person 1088,119.3653251,15759.44272,687.8018576,218110.4231
11089,Person 1089,119.4736842,15773.68421,688.4210526,218307.0175
11090,Person 1090,119.5820433,15787.9257,689.0402477,218503.612
11091,Person 1091,119.6904025,15802.16718,689.6594427,218700.2064
11092,Person 1092,119.7987616,15816.40867,690.2786378,218896.8008
11093,Person 1093,119.9071207,15830.65015,690.8978328,219093.3953
11094,Person 1094,120.0154799,15844.89164,691.5170279,219289.9897
11095,Person 1095,120.123839,15859.13313,692.1362229,219486.5841
11096,Person 1096,120.2321981,15873.37461,692.755418,219683.1785
11097,Person 1097,120.3405573,15887.6161,693.374613,219879.773
11098,Person 1098,120.4489164,15901.85759,693.993808,220076.3674
11099,Person 1099,120.5572755,15916.09907,694.6130031,220272.9618
11100,Person 1100,120.6656347,15930.34056,695.2321981,220469.5562
11101,Person 1101,120.7739938,15944.58204,695.8513932,220666.1507
11102,Person 1102,120.8823529,15958.82353,696.4705882,220862.7451
11103,Person 1103,120.9907121,15973.06502,697.0897833,221059.3395
11104,Person 1104,121.0990712,15987.3065,697.7089783,221255.934
11105,Person 1105,121.2074303,16001.54799,698.3281734,221452.5284
11106,Person 1106,121.3157895,16015.78947,698.9473684,221649.1228
11107,Person 1107,121.4241486,16030.03096,699.5665635,221845.7172
11108,Person 1108,121.5325077,16044.27245,700.1857585,222042.3117
11109,Person 1109,121.6408669,16058.51393,700.8049536,222238.9061
11110,Person 1110,121.749226,16072.75542,701.4241486,222435.5005
11111,Person 1111,121.8575851,16086.9969,702.0433437,222632.0949
11112,Person 1112,121.9659443,16101.23839,702.6625387,222828.6894
11113,Person 1113,122.0743034,16115.47988,703.2817337,223025.2838
11114,Person 1114,122.1826625,16129.72136,703.9009288,223221.8782
11115,Person 1115,122.2910217,16143.96285,704.5201238,223418.4727
11116,Person 1116,122.3993808,16158.20433,705.1393189,223615.0671
11117,Person 1117,122.5077399,16172.44582,705.7585139,223811.6615
11118,Person 1118,122.6160991,16186.68731,706.377709,224008.2559
11119,Person 1119,122.7244582,16200.92879,706.996904,224204.8504
11120,Person 1120,122.8328173,16215.17028,707.6160991,224401.4448
11121,Person 1121,122.9411765,16229.41176,708.2352941,224598.0392
11122,Person 1122,123.0495356,16243.65325,708.8544892,224794.6336
11123,Person 1123,123.1578947,16257.89474,709.4736842,224991.2281
11124,Person 1124,123.2662539,16272.13622,710.0928793,225187.8225
11125,Person 1125,123.374613,16286.37771,710.7120743,225384.4169
11126,Person 1126,123.4829721,16300.6192,711.3312693,225581.0114
11127,Person 1127,123.5913313,16314.86068,711.9504644,225777.6058
11128,Person 1128,123.6996904,16329.10217,712.5696594,225974.2002
11129,Person 1129,123.8080495,16343.34365,713.1888545,226170.7946
11130,Person 1130,123.9164087,16357.58514,713.8080495,226367.3891
11131,Person 1131,124.0247678,16371.82663,714.4272446,226563.9835
11132,Person 1132,124.1331269,16386.06811,715.0464396,226760.5779
11133,Person 1133,124.2414861,16400.3096,715.6656347,226957.1723
11134,Person 1134,124.3498452,16414.55108,716.2848297,227153.7668
11135,Person 1135,124.4582043,16428.79257,716.9040248,227350.3612
11136,Person 1136,124.5665635,16443.03406,717.5232198,227546.9556
11137,Person 1137,124.6749226,16457.27554,718.1424149,227743.5501
11138,Person 1138,124.7832817,16471.51703,718.7616099,227940.1445
11139,Person 1139,124.8916409,16485.75851,719.380805,228136.7389
11140,Person 1140,125,16500,720,228333.3333
11141,Person 1141,125.1083591,16514.24149,720.619195,228529.9278
11142,Person 1142,125.2167183,16528.48297,721.2383901,228726.5222
11143,Person 1143,125.3250774,16542.72446,721.8575851,228923.1166
11144,Person 1144,125.4334365,16556.96594,722.4767802,229119.711
11145,Person 1145,125.5417957,16571.20743,723.0959752,229316.3055
11146,Person 1146,125.6501548,16585.44892,723.7151703,229512.8999
11147,Person 1147,125.7585139,16599.6904,724.3343653,229709.4943
11148,Person 1148,125.8668731,16613.93189,724.9535604,229906.0888
11149,Person 1149,125.9752322,16628.17337,725.5727554,230102.6832
11150,Person 1150,126.0835913,16642.41486,726.1919505,230299.2776
11151,Person 1151,126.1919505,16656.65635,726.8111455,230495.872
11152,Person 1152,126.3003096,16670.89783,727.4303406,230692.4665
11153,Person 1153,126.4086687,16685.13932,728.0495356,230889.0609
11154,Person 1154,126.5170279,16699.3808,728.6687307,231085.6553
11155,Person 1155,126.625387,16713.62229,729.2879257,231282.2497
11156,Person 1156,126.7337461,16727.86378,729.9071207,231478.8442
11157,Person 1157,126.8421053,16742.10526,730.5263158,231675.4386
11158,Person 1158,126.9504644,16756.34675,731.1455108,231872.033
11159,Person 1159,127.0588235,16770.58824,731.7647059,232068.6275
11160,Person 1160,127.1671827,16784.82972,732.3839009,232265.2219
11161,Person 1161,127.2755418,16799.07121,733.003096,232461.8163
11162,Person 1162,127.3839009,16813.31269,733.622291,232658.4107
11163,Person 1163,127.4922601,16827.55418,734.2414861,232855.0052
11164,Person 1164,127.6006192,16841.79567,734.8606811,233051.5996
11165,Person 1165,127.7089783,16856.03715,735.4798762,233248.194
11166,Person 1166,127.8173375,16870.27864,736.0990712,233444.7884
11167,Person 1167,127.9256966,16884.52012,736.7182663,233641.3829
11168,Person 1168,128.0340557,16898.76161,737.3374613,233837.9773
11169,Person 1169,128.1424149,16913.0031,737.9566563,234034.5717
11170,Person 1170,128.250774,16927.24458,738.5758514,234231.1662
11171,Person 1171,128.3591331,16941.48607,739.1950464,234427.7606
11172,Person 1172,128.4674923,16955.72755,739.8142415,234624.355
11173,Person 1173,128.5758514,16969.96904,740.4334365,234820.9494
11174,Person 1174,128.6842105,16984.21053,741.0526316,235017.5439
11175,Person 1175,128.7925697,16998.45201,741.6718266,235214.1383
11176,Person 1176,128.9009288,17012.6935,742.2910217,235410.7327
11177,Person 1177,129.0092879,17026.93498,742.9102167,235607.3271
11178,Person 1178,129.1176471,17041.17647,743.5294118,235803.9216
11179,Person 1179,129.2260062,17055.41796,744.1486068,236000.516
11180,Person 1180,129.3343653,17069.65944,744.7678019,236197.1104
11181,Person 1181,129.4427245,17083.90093,745.3869969,236393.7049
11182,Person 1182,129.5510836,17098.14241,746.006192,236590.2993
11183,Person 1183,129.6594427,17112.3839,746.625387,236786.8937
11184,Person 1184,129.7678019,17126.62539,747.244582,236983.4881
11185,Person 1185,129.876161,17140.86687,747.8637771,237180.0826
11186,Person 1186,129.9845201,17155.10836,748.4829721,237376.677
11187,Person 1187,130.0928793,17169.34985,749.1021672,237573.2714
11188,Person 1188,130.2012384,17183.59133,749.7213622,237769.8658
11189,Person 1189,130.3095975,17197.83282,750.3405573,237966.4603
11190,Person 1190,130.4179567,17212.0743,750.9597523,238163.0547
11191,Person 1191,130.5263158,17226.31579,751.5789474,238359.6491
11192,Person 1192,130.6346749,17240.55728,752.1981424,238556.2436
11193,Person 1193,130.7430341,17254.79876,752.8173375,238752.838
11194,Person 1194,130.8513932,17269.04025,753.4365325,238949.4324
11195,Person 1195,130.9597523,17283.28173,754.0557276,239146.0268
11196,Person 1196,131.0681115,17297.52322,754.6749226,239342.6213
11197,Person 1197,131.1764706,17311.76471,755.2941176,239539.2157
11198,Person 1198,131.2848297,17326.00619,755.9133127,239735.8101
11199,Person 1199,131.3931889,17340.24768,756.5325077,239932.4045
11200,Person 1200,131.501548,17354.48916,757.1517028,240128.999
11201,Person 1201,131.6099071,17368.73065,757.7708978,240325.5934
11202,Person 1202,131.7182663,17382.97214,758.3900929,240522.1878
11203,Person 1203,131.8266254,17397.21362,759.0092879,240718.7822
11204,Person 1204,131.9349845,17411.45511,759.628483,240915.3767
11205,Person 1205,132.0433437,17425.69659,760.247678,241111.9711
11206,Person 1206,132.1517028,17439.93808,760.8668731,241308.5655
11207,Person 1207,132.2600619,17454.17957,761.4860681,241505.16
11208,Person 1208,132.3684211,17468.42105,762.1052632,241701.7544
11209,Person 1209,132.4767802,17482.66254,762.7244582,241898.3488
11210,Person 1210,132.5851393,17496.90402,763.3436533,242094.9432
11211,Person 1211,132.6934985,17511.14551,763.9628483,242291.5377
11212,Person 1212,132.8018576,17525.387,764.5820433,242488.1321
11213,Person 1213,132.9102167,17539.62848,765.2012384,242684.7265
11214,Person 1214,133.0185759,17553.86997,765.8204334,242881.3209
11215,Person 1215,133.126935,17568.11146,766.4396285,243077.9154
11216,Person 1216,133.2352941,17582.35294,767.0588235,243274.5098
11217,Person 1217,133.3436533,17596.59443,767.6780186,243471.1042
11218,Person 1218,133.4520124,17610.83591,768.2972136,243667.6987
11219,Person 1219,133.5603715,17625.0774,768.9164087,243864.2931
11220,Person 1220,133.6687307,17639.31889,769.5356037,244060.8875
11221,Person 1221,133.7770898,17653.56037,770.1547988,244257.4819
11222,Person 1222,133.8854489,17667.80186,770.7739938,244454.0764
11223,Person 1223,133.993808,17682.04334,771.3931889,244650.6708
11224,Person 1224,134.1021672,17696.28483,772.0123839,244847.2652
11225,Person 1225,134.2105263,17710.52632,772.6315789,245043.8596
11226,Person 1226,134.3188854,17724.7678,773.250774,245240.4541
11227,Person 1227,134.4272446,17739.00929,773.869969,245437.0485
11228,Person 1228,134.5356037,17753.25077,774.4891641,245633.6429
11229,Person 1229,134.6439628,17767.49226,775.1083591,245830.2374
11230,Person 1230,134.752322,17781.73375,775.7275542,246026.8318
11231,Person 1231,134.8606811,17795.97523,776.3467492,246223.4262
11232,Person 1232,134.9690402,17810.21672,776.9659443,246420.0206
11233,Person 1233,135.0773994,17824.4582,777.5851393,246616.6151
11234,Person 1234,135.1857585,17838.69969,778.2043344,246813.2095
11235,Person 1235,135.2941176,17852.94118,778.8235294,247009.8039
11236,Person 1236,135.4024768,17867.18266,779.4427245,247206.3983
11237,Person 1237,135.5108359,17881.42415,780.0619195,247402.9928
11238,Person 1238,135.619195,17895.66563,780.6811146,247599.5872
11239,Person 1239,135.7275542,17909.90712,781.3003096,247796.1816
11240,Person 1240,135.8359133,17924.14861,781.9195046,247992.7761
11241,Person 1241,135.9442724,17938.39009,782.5386997,248189.3705
11242,Person 1242,136.0526316,17952.63158,783.1578947,248385.9649
11243,Person 1243,136.1609907,17966.87307,783.7770898,248582.5593
11244,Person 1244,136.2693498,17981.11455,784.3962848,248779.1538
11245,Person 1245,136.377709,17995.35604,785.0154799,248975.7482
11246,Person 1246,136.4860681,18009.59752,785.6346749,249172.3426
11247,Person 1247,136.5944272,18023.83901,786.25387,249368.937
11248,Person 1248,136.7027864,18038.0805,786.873065,249565.5315
11249,Person 1249,136.8111455,18052.32198,787.4922601,249762.1259
11250,Person 1250,136.9195046,18066.56347,788.1114551,249958.7203
11251,Person 1251,137.0278638,18080.80495,788.7306502,250155.3148
11252,Person 1252,137.1362229,18095.04644,789.3498452,250351.9092
11253,Person 1253,137.244582,18109.28793,789.9690402,250548.5036
11254,Person 1254,137.3529412,18123.52941,790.5882353,250745.098
11255,Person 1255,137.4613003,18137.7709,791.2074303,250941.6925
11256,Person 1256,137.5696594,18152.01238,791.8266254,251138.2869
11257,Person 1257,137.6780186,18166.25387,792.4458204,251334.8813
11258,Person 1258,137.7863777,18180.49536,793.0650155,251531.4757
11259,Person 1259,137.8947368,18194.73684,793.6842105,251728.0702
11260,Person 1260,138.003096,18208.97833,794.3034056,251924.6646
11261,Person 1261,138.1114551,18223.21981,794.9226006,252121.259
11262,Person 1262,138.2198142,18237.4613,795.5417957,252317.8535
11263,Person 1263,138.3281734,18251.70279,796.1609907,252514.4479
11264,Person 1264,138.4365325,18265.94427,796.7801858,252711.0423
11265,Person 1265,138.5448916,18280.18576,797.3993808,252907.6367
11266,Person 1266,138.6532508,18294.42724,798.0185759,253104.2312
11267,Person 1267,138.7616099,18308.66873,798.6377709,253300.8256
11268,Person 1268,138.869969,18322.91022,799.2569659,253497.42
11269,Person 1269,138.9783282,18337.1517,799.876161,253694.0144
11270,Person 1270,139.0866873,18351.39319,800.495356,253890.6089
11271,Person 1271,139.1950464,18365.63467,801.1145511,254087.2033
11272,Person 1272,139.3034056,18379.87616,801.7337461,254283.7977
11273,Person 1273,139.4117647,18394.11765,802.3529412,254480.3922
11274,Person 1274,139.5201238,18408.35913,802.9721362,254676.9866
11275,Person 1275,139.628483,18422.60062,803.5913313,254873.581
11276,Person 1276,139.7368421,18436.84211,804.2105263,255070.1754
11277,Person 1277,139.8452012,18451.08359,804.8297214,255266.7699
11278,Person 1278,139.9535604,18465.32508,805.4489164,255463.3643
11279,Person 1279,140.0619195,18479.56656,806.0681115,255659.9587
11280,Person 1280,140.1702786,18493.80805,806.6873065,255856.5531
11281,Person 1281,140.2786378,18508.04954,807.3065015,256053.1476
11282,Person 1282,140.3869969,18522.29102,807.9256966,256249.742
11283,Person 1283,140.495356,18536.53251,808.5448916,256446.3364
11284,Person 1284,140.6037152,18550.77399,809.1640867,256642.9309
11285,Person 1285,140.7120743,18565.01548,809.7832817,256839.5253
11286,Person 1286,140.8204334,18579.25697,810.4024768,257036.1197
11287,Person 1287,140.9287926,18593.49845,811.0216718,257232.7141
11288,Person 1288,141.0371517,18607.73994,811.6408669,257429.3086
11289,Person 1289,141.1455108,18621.98142,812.2600619,257625.903
11290,Person 1290,141.25387,18636.22291,812.879257,257822.4974
11291,Person 1291,141.3622291,18650.4644,813.498452,258019.0918
11292,Person 1292,141.4705882,18664.70588,814.1176471,258215.6863
11293,Person 1293,141.5789474,18678.94737,814.7368421,258412.2807
11294,Person 1294,141.6873065,18693.18885,815.3560372,258608.8751
11295,Person 1295,141.7956656,18707.43034,815.9752322,258805.4696
11296,Person 1296,141.9040248,18721.67183,816.5944272,259002.064
11297,Person 1297,142.0123839,18735.91331,817.2136223,259198.6584
11298,Person 1298,142.120743,18750.1548,817.8328173,259395.2528
11299,Person 1299,142.2291022,18764.39628,818.4520124,259591.8473
11300,Person 1300,142.3374613,18778.63777,819.0712074,259788.4417
11301,Person 1301,142.4458204,18792.87926,819.6904025,259985.0361
11302,Person 1302,142.5541796,18807.12074,820.3095975,260181.6305
11303,Person 1303,142.6625387,18821.36223,820.9287926,260378.225
11304,Person 1304,142.7708978,18835.60372,821.5479876,260574.8194
11305,Person 1305,142.879257,18849.8452,822.1671827,260771.4138
11306,Person 1306,142.9876161,18864.08669,822.7863777,260968.0083
11307,Person 1307,143.0959752,18878.32817,823.4055728,261164.6027
11308,Person 1308,143.2043344,18892.56966,824.0247678,261361.1971
11309,Person 1309,143.3126935,18906.81115,824.6439628,261557.7915
11310,Person 1310,143.4210526,18921.05263,825.2631579,261754.386
11311,Person 1311,143.5294118,18935.29412,825.8823529,261950.9804
11312,Person 1312,143.6377709,18949.5356,826.501548,262147.5748
11313,Person 1313,143.74613,18963.77709,827.120743,262344.1692
11314,Person 1314,143.8544892,18978.01858,827.7399381,262540.7637
11315,Person 1315,143.9628483,18992.26006,828.3591331,262737.3581
11316,Person 1316,144.0712074,19006.50155,828.9783282,262933.9525
11317,Person 1317,144.1795666,19020.74303,829.5975232,263130.547
11318,Person 1318,144.2879257,19034.98452,830.2167183,263327.1414
11319,Person 1319,144.3962848,19049.22601,830.8359133,263523.7358
11320,Person 1320,144.504644,19063.46749,831.4551084,263720.3302
11321,Person 1321,144.6130031,19077.70898,832.0743034,263916.9247
11322,Person 1322,144.7213622,19091.95046,832.6934985,264113.5191
11323,Person 1323,144.8297214,19106.19195,833.3126935,264310.1135
11324,Person 1324,144.9380805,19120.43344,833.9318885,264506.7079
11325,Person 1325,145.0464396,19134.67492,834.5510836,264703.3024
11326,Person 1326,145.1547988,19148.91641,835.1702786,264899.8968
11327,Person 1327,145.2631579,19163.15789,835.7894737,265096.4912
11328,Person 1328,145.371517,19177.39938,836.4086687,265293.0857
11329,Person 1329,145.4798762,19191.64087,837.0278638,265489.6801
11330,Person 1330,145.5882353,19205.88235,837.6470588,265686.2745
11331,Person 1331,145.6965944,19220.12384,838.2662539,265882.8689
11332,Person 1332,145.8049536,19234.36533,838.8854489,266079.4634
11333,Person 1333,145.9133127,19248.60681,839.504644,266276.0578
11334,Person 1334,146.0216718,19262.8483,840.123839,266472.6522
11335,Person 1335,146.130031,19277.08978,840.7430341,266669.2466
11336,Person 1336,146.2383901,19291.33127,841.3622291,266865.8411
11337,Person 1337,146.3467492,19305.57276,841.9814241,267062.4355
11338,Person 1338,146.4551084,19319.81424,842.6006192,267259.0299
11339,Person 1339,146.5634675,19334.05573,843.2198142,267455.6244
11340,Person 1340,146.6718266,19348.29721,843.8390093,267652.2188
11341,Person 1341,146.7801858,19362.5387,844.4582043,267848.8132
11342,Person 1342,146.8885449,19376.78019,845.0773994,268045.4076
11343,Person 1343,146.996904,19391.02167,845.6965944,268242.0021
11344,Person 1344,147.1052632,19405.26316,846.3157895,268438.5965
11345,Person 1345,147.2136223,19419.50464,846.9349845,268635.1909
11346,Person 1346,147.3219814,19433.74613,847.5541796,268831.7853
11347,Person 1347,147.4303406,19447.98762,848.1733746,269028.3798
11348,Person 1348,147.5386997,19462.2291,848.7925697,269224.9742
11349,Person 1349,147.6470588,19476.47059,849.4117647,269421.5686
11350,Person 1350,147.755418,19490.71207,850.0309598,269618.1631
11351,Person 1351,147.8637771,19504.95356,850.6501548,269814.7575
11352,Person 1352,147.9721362,19519.19505,851.2693498,270011.3519
11353,Person 1353,148.0804954,19533.43653,851.8885449,270207.9463
11354,Person 1354,148.1888545,19547.67802,852.5077399,270404.5408
11355,Person 1355,148.2972136,19561.9195,853.126935,270601.1352
11356,Person 1356,148.4055728,19576.16099,853.74613,270797.7296
11357,Person 1357,148.5139319,19590.40248,854.3653251,270994.324
11358,Person 1358,148.622291,19604.64396,854.9845201,271190.9185
11359,Person 1359,148.7306502,19618.88545,855.6037152,271387.5129
11360,Person 1360,148.8390093,19633.12693,856.2229102,271584.1073
11361,Person 1361,148.9473684,19647.36842,856.8421053,271780.7018
11362,Person 1362,149.0557276,19661.60991,857.4613003,271977.2962
11363,Person 1363,149.1640867,19675.85139,858.0804954,272173.8906
11364,Person 1364,149.2724458,19690.09288,858.6996904,272370.485
11365,Person 1365,149.380805,19704.33437,859.3188854,272567.0795
11366,Person 1366,149.4891641,19718.57585,859.9380805,272763.6739
11367,Person 1367,149.5975232,19732.81734,860.5572755,272960.2683
11368,Person 1368,149.7058824,19747.05882,861.1764706,273156.8627
11369,Person 1369,149.8142415,19761.30031,861.7956656,273353.4572
11370,Person 1370,149.9226006,19775.5418,862.4148607,273550.0516
11371,Person 1371,150.0309598,19789.78328,863.0340557,273746.646
11372,Person 1372,150.1393189,19804.02477,863.6532508,273943.2405
11373,Person 1373,150.247678,19818.26625,864.2724458,274139.8349
11374,Person 1374,150.3560372,19832.50774,864.8916409,274336.4293
11375,Person 1375,150.4643963,19846.74923,865.5108359,274533.0237
11376,Person 1376,150.5727554,19860.99071,866.130031,274729.6182
11377,Person 1377,150.6811146,19875.2322,866.749226,274926.2126
11378,Person 1378,150.7894737,19889.47368,867.3684211,275122.807
11379,Person 1379,150.8978328,19903.71517,867.9876161,275319.4014
11380,Person 1380,151.006192,19917.95666,868.6068111,275515.9959
11381,Person 1381,151.1145511,19932.19814,869.2260062,275712.5903
11382,Person 1382,151.2229102,19946.43963,869.8452012,275909.1847
11383,Person 1383,151.3312693,19960.68111,870.4643963,276105.7792
11384,Person 1384,151.4396285,19974.9226,871.0835913,276302.3736
11385,Person 1385,151.5479876,19989.16409,871.7027864,276498.968
11386,Person 1386,151.6563467,20003.40557,872.3219814,276695.5624
11387,Person 1387,151.7647059,20017.64706,872.9411765,276892.1569
11388,Person 1388,151.873065,20031.88854,873.5603715,277088.7513
11389,Person 1389,151.9814241,20046.13003,874.1795666,277285.3457
11390,Person 1390,152.0897833,20060.37152,874.7987616,277481.9401
11391,Person 1391,152.1981424,20074.613,875.4179567,277678.5346
11392,Person 1392,152.3065015,20088.85449,876.0371517,277875.129
11393,Person 1393,152.4148607,20103.09598,876.6563467,278071.7234
11394,Person 1394,152.5232198,20117.33746,877.2755418,278268.3179
11395,Person 1395,152.6315789,20131.57895,877.8947368,278464.9123
11396,Person 1396,152.7399381,20145.82043,878.5139319,278661.5067
11397,Person 1397,152.8482972,20160.06192,879.1331269,278858.1011
11398,Person 1398,152.9566563,20174.30341,879.752322,279054.6956
11399,Person 1399,153.0650155,20188.54489,880.371517,279251.29
